<<<<<<< HEAD
Berlin_code_area;Administrative_district;District;Quarter;Streer_name
1100101;Mitte;Zentrum;Tiergarten Sd;Stlerstrae
1100102;Mitte;Zentrum;Tiergarten Sd;Groer Tiergarten
1100103;Mitte;Zentrum;Tiergarten Sd;Ltzowstrae
1100104;Mitte;Zentrum;Tiergarten Sd;Krnerstrae
1100205;Mitte;Zentrum;Regierungsviertel;Wilhelmstrae
1100206;Mitte;Zentrum;Regierungsviertel;Unter den Linden
1100207;Mitte;Zentrum;Regierungsviertel;Leipziger Strae
1100308;Mitte;Zentrum;Alexanderplatz;Charitviertel
1100309;Mitte;Zentrum;Alexanderplatz;Oranienburger Strae
1100310;Mitte;Zentrum;Alexanderplatz;Alexanderplatzviertel
1100311;Mitte;Zentrum;Alexanderplatz;Karl-Marx-Allee
1100312;Mitte;Zentrum;Alexanderplatz;Heine-Viertel West
1100313;Mitte;Zentrum;Alexanderplatz;Heine-Viertel Ost
1100414;Mitte;Zentrum;Brunnenstrae Sd;Nordbahnhof
1100415;Mitte;Zentrum;Brunnenstrae Sd;Invalidenstrae
1100416;Mitte;Zentrum;Brunnenstrae Sd;Arkonaplatz
1200517;Mitte;Moabit;Moabit West;Huttenkiez
1200518;Mitte;Moabit;Moabit West;Beusselkiez
1200519;Mitte;Moabit;Moabit West;Emdener Strae
1200520;Mitte;Moabit;Moabit West;Bremer Strae
1200521;Mitte;Moabit;Moabit West;Zwinglistrae
1200522;Mitte;Moabit;Moabit West;Elberfelder Strae
1200623;Mitte;Moabit;Moabit Ost;Stephankiez
1200624;Mitte;Moabit;Moabit Ost;Heidestrae
1200625;Mitte;Moabit;Moabit Ost;Lbecker Strae
1200626;Mitte;Moabit;Moabit Ost;Thomasiusstrae
1200627;Mitte;Moabit;Moabit Ost;Zillesiedlung
1200628;Mitte;Moabit;Moabit Ost;Lneburger Strae
1200629;Mitte;Moabit;Moabit Ost;Hansaviertel
1300730;Mitte;Gesundbrunnen;Osloer Strae;Drontheimer Strae
1300731;Mitte;Gesundbrunnen;Osloer Strae;Koloniestrae
1300732;Mitte;Gesundbrunnen;Osloer Strae;Soldiner Strae
1300733;Mitte;Gesundbrunnen;Osloer Strae;Gesundbrunnen
1300834;Mitte;Gesundbrunnen;Brunnenstrae Nord;Brunnenstrae
1300835;Mitte;Gesundbrunnen;Brunnenstrae Nord;Humboldthain Sd
1300836;Mitte;Gesundbrunnen;Brunnenstrae Nord;Humboldthain Nordwest
1400937;Mitte;Wedding;Parkviertel;Afrikanische Strae
1400938;Mitte;Wedding;Parkviertel;Kameruner Strae
1400939;Mitte;Wedding;Parkviertel;Glasgower Strae
1400940;Mitte;Wedding;Parkviertel;Schillerpark
1400941;Mitte;Wedding;Parkviertel;Londoner Strae
1400942;Mitte;Wedding;Parkviertel;Westliche Mllerstrae
1401043;Mitte;Wedding;Wedding Zentrum;Antonstrae
1401044;Mitte;Wedding;Wedding Zentrum;Uferstrae
1401045;Mitte;Wedding;Wedding Zentrum;Schwedenstrae
1401046;Mitte;Wedding;Wedding Zentrum;Nordufer
1401047;Mitte;Wedding;Wedding Zentrum;Sparrplatz
1401048;Mitte;Wedding;Wedding Zentrum;Leopoldplatz
1401049;Mitte;Wedding;Wedding Zentrum;Schulstrae
2100101;Friedrichshain-Kreuzberg;Kreuzberg Nord;Sdliche Friedrichstadt;Askanischer Platz
2100102;Friedrichshain-Kreuzberg;Kreuzberg Nord;Sdliche Friedrichstadt;Mehringplatz
2100103;Friedrichshain-Kreuzberg;Kreuzberg Nord;Sdliche Friedrichstadt;Am Berlin Museum
2100104;Friedrichshain-Kreuzberg;Kreuzberg Nord;Sdliche Friedrichstadt;Moritzplatz
2100105;Friedrichshain-Kreuzberg;Kreuzberg Nord;Sdliche Friedrichstadt;Prinzenstrae
2100106;Friedrichshain-Kreuzberg;Kreuzberg Nord;Sdliche Friedrichstadt;Wassertorplatz
2200207;Friedrichshain-Kreuzberg;Kreuzberg Sd;Tempelhofer Vorstadt;Gleisdreieck
2200208;Friedrichshain-Kreuzberg;Kreuzberg Sd;Tempelhofer Vorstadt;Rathaus Yorckstrae
2200209;Friedrichshain-Kreuzberg;Kreuzberg Sd;Tempelhofer Vorstadt;Viktoriapark
2200210;Friedrichshain-Kreuzberg;Kreuzberg Sd;Tempelhofer Vorstadt;Urbanstrae
2200211;Friedrichshain-Kreuzberg;Kreuzberg Sd;Tempelhofer Vorstadt;Chamissokiez
2200212;Friedrichshain-Kreuzberg;Kreuzberg Sd;Tempelhofer Vorstadt;Graefekiez Sd
2200213;Friedrichshain-Kreuzberg;Kreuzberg Sd;Tempelhofer Vorstadt;Graefekiez Nord
2300314;Friedrichshain-Kreuzberg;Kreuzberg Ost;Nrdliche Luisenstadt;Oranienplatz
2300315;Friedrichshain-Kreuzberg;Kreuzberg Ost;Nrdliche Luisenstadt;Lausitzer Platz
2300316;Friedrichshain-Kreuzberg;Kreuzberg Ost;Nrdliche Luisenstadt;Kpenicker Strae 
2300417;Friedrichshain-Kreuzberg;Kreuzberg Ost;Sdliche Luisenstadt;Reichenberger Strae West
2300418;Friedrichshain-Kreuzberg;Kreuzberg Ost;Sdliche Luisenstadt;Reichenberger Strae Ost
2300419;Friedrichshain-Kreuzberg;Kreuzberg Ost;Sdliche Luisenstadt;Wrangelkiez
2400520;Friedrichshain-Kreuzberg;Friedrichshain West;Karl-Marx-Allee Nord;Barnimkiez
2400521;Friedrichshain-Kreuzberg;Friedrichshain West;Karl-Marx-Allee Nord;Friedenstrae
2400522;Friedrichshain-Kreuzberg;Friedrichshain West;Karl-Marx-Allee Nord;Richard-Sorge-Viertel
2400623;Friedrichshain-Kreuzberg;Friedrichshain West;Karl-Marx-Allee Sd;Andreasviertel
2400624;Friedrichshain-Kreuzberg;Friedrichshain West;Karl-Marx-Allee Sd;Weberwiese
2400625;Friedrichshain-Kreuzberg;Friedrichshain West;Karl-Marx-Allee Sd;Wriezener Bahnhof
2500726;Friedrichshain-Kreuzberg;Friedrichshain Ost;Frankfurter Allee Nord;Hausburgviertel
2500727;Friedrichshain-Kreuzberg;Friedrichshain Ost;Frankfurter Allee Nord;Forckenbeckplatz
2500728;Friedrichshain-Kreuzberg;Friedrichshain Ost;Frankfurter Allee Nord;Samariterviertel
2500729;Friedrichshain-Kreuzberg;Friedrichshain Ost;Frankfurter Allee Nord;Pettenkofer Strae
2500830;Friedrichshain-Kreuzberg;Friedrichshain Ost;Frankfurter Allee Sd FK;Niederbarnimstrae
2500831;Friedrichshain-Kreuzberg;Friedrichshain Ost;Frankfurter Allee Sd FK;Wismarplatz
2500832;Friedrichshain-Kreuzberg;Friedrichshain Ost;Frankfurter Allee Sd FK;Traveplatz
2500833;Friedrichshain-Kreuzberg;Friedrichshain Ost;Frankfurter Allee Sd FK;Boxhagener Platz
2500834;Friedrichshain-Kreuzberg;Friedrichshain Ost;Frankfurter Allee Sd FK;Revaler Strae
2500835;Friedrichshain-Kreuzberg;Friedrichshain Ost;Frankfurter Allee Sd FK;Stralauer Kiez
2500836;Friedrichshain-Kreuzberg;Friedrichshain Ost;Frankfurter Allee Sd FK;Stralauer Halbinsel
3100101;Pankow;Buch;Buch;Bucher Forst
3100102;Pankow;Buch;Buch;Klinikum Buch
3100103;Pankow;Buch;Buch;Karower Chaussee
3200204;Pankow;Nrdliches Pankow;Blankenfelde/Niederschnhausen;Blankenfelde
3200205;Pankow;Nrdliches Pankow;Blankenfelde/Niederschnhausen;Uhlandstrae
3200206;Pankow;Nrdliches Pankow;Blankenfelde/Niederschnhausen;Pastor-Niemller-Platz
3200207;Pankow;Nrdliches Pankow;Blankenfelde/Niederschnhausen;Herthaplatz
3200308;Pankow;Nrdliches Pankow;Buchholz;Nisblstrae
3200309;Pankow;Nrdliches Pankow;Buchholz;Eddastrae
3200310;Pankow;Nrdliches Pankow;Buchholz;Krugpfuhl
3300411;Pankow;Nrdliches Weiensee;Karow;Karow Nord
3300412;Pankow;Nrdliches Weiensee;Karow;Karow Bahnhof
3300413;Pankow;Nrdliches Weiensee;Karow;Karow Ost
3300514;Pankow;Nrdliches Weiensee;Blankenburg/Heinersdorf/Mrchenland;Blankenburg
3300515;Pankow;Nrdliches Weiensee;Blankenburg/Heinersdorf/Mrchenland;Blankenburger Sden
3300516;Pankow;Nrdliches Weiensee;Blankenburg/Heinersdorf/Mrchenland;Heinersdorf
3300517;Pankow;Nrdliches Weiensee;Blankenburg/Heinersdorf/Mrchenland;Mrchenland
3400618;Pankow;Sdliches Pankow;Schnholz/Wilhelmsruh/Rosenthal;Rosenthal
3400619;Pankow;Sdliches Pankow;Schnholz/Wilhelmsruh/Rosenthal;Wilhelmsruh
3400620;Pankow;Sdliches Pankow;Schnholz/Wilhelmsruh/Rosenthal;Schnholz
3400721;Pankow;Sdliches Pankow;Pankow Zentrum;Florakiez
3400722;Pankow;Sdliches Pankow;Pankow Zentrum;Parkstrae
3400723;Pankow;Sdliches Pankow;Pankow Zentrum;Garbtyplatz
3400724;Pankow;Sdliches Pankow;Pankow Zentrum;Wolfshagener Strae
3400725;Pankow;Sdliches Pankow;Pankow Zentrum;Schlosspark
3400826;Pankow;Sdliches Pankow;Pankow Sd;Tiroler Viertel
3400827;Pankow;Sdliches Pankow;Pankow Sd;Trelleborger Viertel
3400828;Pankow;Sdliches Pankow;Pankow Sd;Spiekermann Strae
3400829;Pankow;Sdliches Pankow;Pankow Sd;Arnold-Zweig-Strae
3400830;Pankow;Sdliches Pankow;Pankow Sd;Kissingenviertel
3400831;Pankow;Sdliches Pankow;Pankow Sd;Pankower Tor
3500932;Pankow;Sdliches Weiensee;Weiensee;Bhringstrae
3500933;Pankow;Sdliches Weiensee;Weiensee;Weier See
3500934;Pankow;Sdliches Weiensee;Weiensee;Weienseer Spitze
3500935;Pankow;Sdliches Weiensee;Weiensee;Behaimstrae
3500936;Pankow;Sdliches Weiensee;Weiensee;Komponistenviertel Weiensee
3501037;Pankow;Sdliches Weiensee;Weiensee Ost;Rathaus Weiensee
3501038;Pankow;Sdliches Weiensee;Weiensee Ost;Hansastrae
3601139;Pankow;Nrdlicher Prenzlauer Berg;Prenzlauer Berg Nordwest;Norweger Viertel
3601140;Pankow;Nrdlicher Prenzlauer Berg;Prenzlauer Berg Nordwest;Malmer Strae
3601141;Pankow;Nrdlicher Prenzlauer Berg;Prenzlauer Berg Nordwest;Arnimplatz
3601142;Pankow;Nrdlicher Prenzlauer Berg;Prenzlauer Berg Nordwest;Falkplatz
3601243;Pankow;Nrdlicher Prenzlauer Berg;Prenzlauer Berg Nord;Rodenbergstrae
3601244;Pankow;Nrdlicher Prenzlauer Berg;Prenzlauer Berg Nord;Humannplatz
3601245;Pankow;Nrdlicher Prenzlauer Berg;Prenzlauer Berg Nord;Ostseestrae
3601346;Pankow;Nrdlicher Prenzlauer Berg;Helmholtzplatz;Gethsemanekirche
3601347;Pankow;Nrdlicher Prenzlauer Berg;Helmholtzplatz;Helmholtzplatz
3601348;Pankow;Nrdlicher Prenzlauer Berg;Helmholtzplatz;Senefelderstrae
3601449;Pankow;Nrdlicher Prenzlauer Berg;Prenzlauer Berg Ost;Michelangelostrae
3601450;Pankow;Nrdlicher Prenzlauer Berg;Prenzlauer Berg Ost;Volkspark Prenzlauer Berg
3601451;Pankow;Nrdlicher Prenzlauer Berg;Prenzlauer Berg Ost;Anton-Saefkow-Park
3601452;Pankow;Nrdlicher Prenzlauer Berg;Prenzlauer Berg Ost;Velodrom
3601453;Pankow;Nrdlicher Prenzlauer Berg;Prenzlauer Berg Ost;Alter Schlachthof
3701554;Pankow;Sdlicher Prenzlauer Berg;Prenzlauer Berg Sdwest;Teutoburger Platz
3701555;Pankow;Sdlicher Prenzlauer Berg;Prenzlauer Berg Sdwest;Sredzkistrae
3701556;Pankow;Sdlicher Prenzlauer Berg;Prenzlauer Berg Sdwest;Kollwitzplatz
3701657;Pankow;Sdlicher Prenzlauer Berg;Prenzlauer Berg Sd;Thlmannpark
3701658;Pankow;Sdlicher Prenzlauer Berg;Prenzlauer Berg Sd;Christburger Strae
3701659;Pankow;Sdlicher Prenzlauer Berg;Prenzlauer Berg Sd;Immanuelkirchstrae
3701660;Pankow;Sdlicher Prenzlauer Berg;Prenzlauer Berg Sd;Btzowstrae
4100101;Charlottenburg-Wilmersdorf;Charlottenburg Nord;Charlottenburg Nord;Jungfernheide/Pltzensee
4100102;Charlottenburg-Wilmersdorf;Charlottenburg Nord;Charlottenburg Nord;Paul-Hertz-Siedlung
4200203;Charlottenburg-Wilmersdorf;Charlottenburg West;Heerstrae;Olympiagelnde
4200204;Charlottenburg-Wilmersdorf;Charlottenburg West;Heerstrae;Angerburger Allee
4200205;Charlottenburg-Wilmersdorf;Charlottenburg West;Heerstrae;Flatowallee
4200206;Charlottenburg-Wilmersdorf;Charlottenburg West;Heerstrae;Kranzallee
4200207;Charlottenburg-Wilmersdorf;Charlottenburg West;Heerstrae;Eichkamp
4200308;Charlottenburg-Wilmersdorf;Charlottenburg West;Westend;Branitzer Platz
4200309;Charlottenburg-Wilmersdorf;Charlottenburg West;Westend;Neu Westend
4200310;Charlottenburg-Wilmersdorf;Charlottenburg West;Westend;Frstenplatz
4200311;Charlottenburg-Wilmersdorf;Charlottenburg West;Westend;Knigin-Elisabeth-Strae
4300412;Charlottenburg-Wilmersdorf;Charlottenburg Zentrum;Schloss Charlottenburg;Schlossgarten
4300413;Charlottenburg-Wilmersdorf;Charlottenburg Zentrum;Schloss Charlottenburg;Klausenerplatz
4300414;Charlottenburg-Wilmersdorf;Charlottenburg Zentrum;Schloss Charlottenburg;Schlostrae
4300415;Charlottenburg-Wilmersdorf;Charlottenburg Zentrum;Schloss Charlottenburg;Lietzensee
4300416;Charlottenburg-Wilmersdorf;Charlottenburg Zentrum;Schloss Charlottenburg;Amtsgerichtsplatz
4300517;Charlottenburg-Wilmersdorf;Charlottenburg Zentrum;Mierendorffplatz;Tegeler Weg
4300518;Charlottenburg-Wilmersdorf;Charlottenburg Zentrum;Mierendorffplatz;Kaiserin-Augusta-Allee
4300619;Charlottenburg-Wilmersdorf;Charlottenburg Zentrum;Otto-Suhr-Allee/Kantstrae;Alt-Lietzow
4300620;Charlottenburg-Wilmersdorf;Charlottenburg Zentrum;Otto-Suhr-Allee/Kantstrae;Spreestadt
4300621;Charlottenburg-Wilmersdorf;Charlottenburg Zentrum;Otto-Suhr-Allee/Kantstrae;Richard-Wagner-Strae
4300622;Charlottenburg-Wilmersdorf;Charlottenburg Zentrum;Otto-Suhr-Allee/Kantstrae;Ernst-Reuter-Platz
4300623;Charlottenburg-Wilmersdorf;Charlottenburg Zentrum;Otto-Suhr-Allee/Kantstrae;Karl-August-Platz
4300624;Charlottenburg-Wilmersdorf;Charlottenburg Zentrum;Otto-Suhr-Allee/Kantstrae;Savignyplatz
4400725;Charlottenburg-Wilmersdorf;Wilmersdorf Sd;Grunewald;Gterbahnhof Grunewald
4400726;Charlottenburg-Wilmersdorf;Wilmersdorf Sd;Grunewald;Bismarckallee
4400727;Charlottenburg-Wilmersdorf;Wilmersdorf Sd;Grunewald;Flinsberger Platz
4400728;Charlottenburg-Wilmersdorf;Wilmersdorf Sd;Grunewald;Hagenplatz
4400729;Charlottenburg-Wilmersdorf;Wilmersdorf Sd;Grunewald;Hundekehle
4400830;Charlottenburg-Wilmersdorf;Wilmersdorf Sd;Schmargendorf;Forckenbeckstrae
4400831;Charlottenburg-Wilmersdorf;Wilmersdorf Sd;Schmargendorf;Messelpark
4400832;Charlottenburg-Wilmersdorf;Wilmersdorf Sd;Schmargendorf;Breite Strae
4400833;Charlottenburg-Wilmersdorf;Wilmersdorf Sd;Schmargendorf;Schlangenbader Strae
4400834;Charlottenburg-Wilmersdorf;Wilmersdorf Sd;Schmargendorf;Binger Strae
4400835;Charlottenburg-Wilmersdorf;Wilmersdorf Sd;Schmargendorf;Rdesheimer Platz
4500936;Charlottenburg-Wilmersdorf;Wilmersdorf Zentrum;Halensee;Droysenstrae
4500937;Charlottenburg-Wilmersdorf;Wilmersdorf Zentrum;Halensee;Halensee
4500938;Charlottenburg-Wilmersdorf;Wilmersdorf Zentrum;Halensee;Hochmeisterplatz
4500939;Charlottenburg-Wilmersdorf;Wilmersdorf Zentrum;Halensee;Eisenzahnstrae
4501040;Charlottenburg-Wilmersdorf;Wilmersdorf Zentrum;Lietzenburger Strae;Hindemithplatz
4501041;Charlottenburg-Wilmersdorf;Wilmersdorf Zentrum;Lietzenburger Strae;George-Grosz-Platz
4501042;Charlottenburg-Wilmersdorf;Wilmersdorf Zentrum;Lietzenburger Strae;Breitscheidplatz
4501043;Charlottenburg-Wilmersdorf;Wilmersdorf Zentrum;Lietzenburger Strae;Preuenpark
4501044;Charlottenburg-Wilmersdorf;Wilmersdorf Zentrum;Lietzenburger Strae;Ludwigkirchplatz
4501045;Charlottenburg-Wilmersdorf;Wilmersdorf Zentrum;Lietzenburger Strae;Schaperstrae
4501146;Charlottenburg-Wilmersdorf;Wilmersdorf Zentrum;Volkspark Wilmersdorf;Barstrae
4501147;Charlottenburg-Wilmersdorf;Wilmersdorf Zentrum;Volkspark Wilmersdorf;Leon-Jessel-Platz
4501148;Charlottenburg-Wilmersdorf;Wilmersdorf Zentrum;Volkspark Wilmersdorf;Brabanter Platz
4501149;Charlottenburg-Wilmersdorf;Wilmersdorf Zentrum;Volkspark Wilmersdorf;Nikolsburger Platz
4501150;Charlottenburg-Wilmersdorf;Wilmersdorf Zentrum;Volkspark Wilmersdorf;Wilhelmsaue
4501151;Charlottenburg-Wilmersdorf;Wilmersdorf Zentrum;Volkspark Wilmersdorf;Hildegardstrae
4501152;Charlottenburg-Wilmersdorf;Wilmersdorf Zentrum;Volkspark Wilmersdorf;Prager Platz
4501153;Charlottenburg-Wilmersdorf;Wilmersdorf Zentrum;Volkspark Wilmersdorf;Babelsberger Strae
5100101;Spandau;Spandau Mitte / Nord;Hakenfelde;Hakenfelde Nord
5100102;Spandau;Spandau Mitte / Nord;Hakenfelde;Am Forstacker
5100103;Spandau;Spandau Mitte / Nord;Hakenfelde;Mertensstrae
5100104;Spandau;Spandau Mitte / Nord;Hakenfelde;Maselake
5100105;Spandau;Spandau Mitte / Nord;Hakenfelde;Amorbacher Weg
5100206;Spandau;Spandau Mitte / Nord;Falkenhagener Feld;Griesingerstrae
5100207;Spandau;Spandau Mitte / Nord;Falkenhagener Feld;An der Trnke
5100208;Spandau;Spandau Mitte / Nord;Falkenhagener Feld;Im Spektefeld
5100209;Spandau;Spandau Mitte / Nord;Falkenhagener Feld;Westerwaldstrae
5100210;Spandau;Spandau Mitte / Nord;Falkenhagener Feld;Germersheimer Platz
5100211;Spandau;Spandau Mitte / Nord;Falkenhagener Feld;An der Kappe
5100312;Spandau;Spandau Mitte / Nord;Spandau Mitte;Eckschanze
5100313;Spandau;Spandau Mitte / Nord;Spandau Mitte;Eiswerder
5100314;Spandau;Spandau Mitte / Nord;Spandau Mitte;Kurstrae
5100315;Spandau;Spandau Mitte / Nord;Spandau Mitte;Ackerstrae
5100316;Spandau;Spandau Mitte / Nord;Spandau Mitte;Carl-Schurz-Strae
5100317;Spandau;Spandau Mitte / Nord;Spandau Mitte;Freiheit
5200418;Spandau;Wilhelmstadt / Staaken;Brunsbtteler Damm;Isenburger Weg
5200419;Spandau;Wilhelmstadt / Staaken;Brunsbtteler Damm;Am Heideberg
5200420;Spandau;Wilhelmstadt / Staaken;Brunsbtteler Damm;Staakener Strae
5200421;Spandau;Wilhelmstadt / Staaken;Brunsbtteler Damm;Spandauer Strae
5200422;Spandau;Wilhelmstadt / Staaken;Brunsbtteler Damm;Werkstrae
5200423;Spandau;Wilhelmstadt / Staaken;Brunsbtteler Damm;Magistratsweg
5200524;Spandau;Wilhelmstadt / Staaken;Heerstrae;Dberitzer Weg
5200525;Spandau;Wilhelmstadt / Staaken;Heerstrae;Pillnitzer Weg
5200526;Spandau;Wilhelmstadt / Staaken;Heerstrae;Rudolf-Wissell-Grosiedlung
5200527;Spandau;Wilhelmstadt / Staaken;Heerstrae;Maulbeerallee
5200528;Spandau;Wilhelmstadt / Staaken;Heerstrae;Weinmeisterhornweg
5200629;Spandau;Wilhelmstadt / Staaken;Wilhelmstadt;Borkumer Strae
5200630;Spandau;Wilhelmstadt / Staaken;Wilhelmstadt;Wilhelmstadt West
5200631;Spandau;Wilhelmstadt / Staaken;Wilhelmstadt;Wilhelmstadt Ost
5200632;Spandau;Wilhelmstadt / Staaken;Wilhelmstadt;Tiefwerder
5200633;Spandau;Wilhelmstadt / Staaken;Wilhelmstadt;Graetschelsteig
5200634;Spandau;Wilhelmstadt / Staaken;Wilhelmstadt;Brnicker Strae
5300735;Spandau;Haselhorst / Siemensstadt;Haselhorst;Haveleck
5300736;Spandau;Haselhorst / Siemensstadt;Haselhorst;Zitadellenweg
5300737;Spandau;Haselhorst / Siemensstadt;Haselhorst;Gartenfelder Strae
5300839;Spandau;Haselhorst / Siemensstadt;Siemensstadt;Rohrdamm
5300840;Spandau;Haselhorst / Siemensstadt;Siemensstadt;Nonnendammallee
5300841;Spandau;Haselhorst / Siemensstadt;Siemensstadt;Siemensdamm
5400942;Spandau;Gatow / Kladow;Gatow/Kladow;Alt-Gatow
5400943;Spandau;Gatow / Kladow;Gatow/Kladow;Jgerallee
5400944;Spandau;Gatow / Kladow;Gatow/Kladow;Kladower Damm
5400945;Spandau;Gatow / Kladow;Gatow/Kladow;Kafkastrae
6100101;Steglitz-Zehlendorf;Steglitz;Schlostrae;Fichtenberg
6100102;Steglitz-Zehlendorf;Steglitz;Schlostrae;Schlostrae
6100103;Steglitz-Zehlendorf;Steglitz;Schlostrae;Markelstrae
6100204;Steglitz-Zehlendorf;Steglitz;Albrechtstrae;Munsterdamm
6100205;Steglitz-Zehlendorf;Steglitz;Albrechtstrae;Sdende
6100206;Steglitz-Zehlendorf;Steglitz;Albrechtstrae;Stadtpark
6100207;Steglitz-Zehlendorf;Steglitz;Albrechtstrae;Mittelstrae
6100208;Steglitz-Zehlendorf;Steglitz;Albrechtstrae;Bergstrae
6100209;Steglitz-Zehlendorf;Steglitz;Albrechtstrae;Feuerbachstrae
6100210;Steglitz-Zehlendorf;Steglitz;Albrechtstrae;Bismarckstrae
6200311;Steglitz-Zehlendorf;Lankwitz/Lichterfelde Ost;Lankwitz;Alt-Lankwitz
6200312;Steglitz-Zehlendorf;Lankwitz/Lichterfelde Ost;Lankwitz;Komponistenviertel Lankwitz
6200313;Steglitz-Zehlendorf;Lankwitz/Lichterfelde Ost;Lankwitz;Lankwitz Kirche
6200314;Steglitz-Zehlendorf;Lankwitz/Lichterfelde Ost;Lankwitz;Kaiser-Wilhelm-Strae
6200315;Steglitz-Zehlendorf;Lankwitz/Lichterfelde Ost;Lankwitz;Gallwitzallee
6200316;Steglitz-Zehlendorf;Lankwitz/Lichterfelde Ost;Lankwitz;Belstrae
6200317;Steglitz-Zehlendorf;Lankwitz/Lichterfelde Ost;Lankwitz;Lankwitz Sd
6200418;Steglitz-Zehlendorf;Lankwitz/Lichterfelde Ost;Ostpreuendamm;Landweg
6200419;Steglitz-Zehlendorf;Lankwitz/Lichterfelde Ost;Ostpreuendamm;Thermometersiedlung
6200420;Steglitz-Zehlendorf;Lankwitz/Lichterfelde Ost;Ostpreuendamm;Lichterfelde Sd
6200421;Steglitz-Zehlendorf;Lankwitz/Lichterfelde Ost;Ostpreuendamm;Knigsberger Strae
6200422;Steglitz-Zehlendorf;Lankwitz/Lichterfelde Ost;Ostpreuendamm;Oberhofer Platz
6200423;Steglitz-Zehlendorf;Lankwitz/Lichterfelde Ost;Ostpreuendamm;Schtte-Lanz-Strae
6300524;Steglitz-Zehlendorf;Zehlendorf Sd/Lichterfelde West;Teltower Damm;Berlepschstrae
6300525;Steglitz-Zehlendorf;Zehlendorf Sd/Lichterfelde West;Teltower Damm;Zehlendorf Sd
6300526;Steglitz-Zehlendorf;Zehlendorf Sd/Lichterfelde West;Teltower Damm;Zehlendorf Mitte
6300527;Steglitz-Zehlendorf;Zehlendorf Sd/Lichterfelde West;Teltower Damm;Sundgauer Strae
6300528;Steglitz-Zehlendorf;Zehlendorf Sd/Lichterfelde West;Teltower Damm;Teltower Damm
6300629;Steglitz-Zehlendorf;Zehlendorf Sd/Lichterfelde West;Drakestrae;Botanischer Garten
6300630;Steglitz-Zehlendorf;Zehlendorf Sd/Lichterfelde West;Drakestrae;Hindenburgdamm
6300631;Steglitz-Zehlendorf;Zehlendorf Sd/Lichterfelde West;Drakestrae;Goerzwerke
6300632;Steglitz-Zehlendorf;Zehlendorf Sd/Lichterfelde West;Drakestrae;Schweizer Viertel
6300633;Steglitz-Zehlendorf;Zehlendorf Sd/Lichterfelde West;Drakestrae;Augustaplatz
6300634;Steglitz-Zehlendorf;Zehlendorf Sd/Lichterfelde West;Drakestrae;Lichterfelde West
6400735;Steglitz-Zehlendorf;Zehlendorf Nord/Wannsee;Zehlendorf Sdwest;Wannsee
6400736;Steglitz-Zehlendorf;Zehlendorf Nord/Wannsee;Zehlendorf Sdwest;Dppel
6400737;Steglitz-Zehlendorf;Zehlendorf Nord/Wannsee;Zehlendorf Sdwest;Nikolassee
6400838;Steglitz-Zehlendorf;Zehlendorf Nord/Wannsee;Zehlendorf Nord;Krumme Lanke
6400839;Steglitz-Zehlendorf;Zehlendorf Nord/Wannsee;Zehlendorf Nord;Fischerhttenstrae
6400840;Steglitz-Zehlendorf;Zehlendorf Nord/Wannsee;Zehlendorf Nord;Fischtal
6400841;Steglitz-Zehlendorf;Zehlendorf Nord/Wannsee;Zehlendorf Nord;Zehlendorf Eiche
6400842;Steglitz-Zehlendorf;Zehlendorf Nord/Wannsee;Zehlendorf Nord;Httenweg
6400843;Steglitz-Zehlendorf;Zehlendorf Nord/Wannsee;Zehlendorf Nord;Thielallee
6400844;Steglitz-Zehlendorf;Zehlendorf Nord/Wannsee;Zehlendorf Nord;Dahlem
7100101;Tempelhof-Schneberg;Schneberg Nord;Schneberg Nordwest;Wittenbergplatz
7100102;Tempelhof-Schneberg;Schneberg Nord;Schneberg Nordwest;Kalckreuthstrae
7100103;Tempelhof-Schneberg;Schneberg Nord;Schneberg Nordwest;Frobenstrae
7100204;Tempelhof-Schneberg;Schneberg Nord;Schneberg Nordost;Barbarossaplatz
7100205;Tempelhof-Schneberg;Schneberg Nord;Schneberg Nordost;Alvenslebenstrae
7100206;Tempelhof-Schneberg;Schneberg Nord;Schneberg Nordost;Grogrschenstrae
7200307;Tempelhof-Schneberg;Schneberg Sd;Schneberg Sdwest;Bayerischer Platz
7200308;Tempelhof-Schneberg;Schneberg Sd;Schneberg Sdwest;Volkspark (Rudolph-Wilde-Park)
7200409;Tempelhof-Schneberg;Schneberg Sd;Schneberg Sdost;Belziger Strae
7200410;Tempelhof-Schneberg;Schneberg Sd;Schneberg Sdost;Feurigstrae
7200411;Tempelhof-Schneberg;Schneberg Sd;Schneberg Sdost;Julius-Leber-Brcke
7200412;Tempelhof-Schneberg;Schneberg Sd;Schneberg Sdost;Schneberger Linse
7200413;Tempelhof-Schneberg;Schneberg Sd;Schneberg Sdost;Cheruskerstrae
7200414;Tempelhof-Schneberg;Schneberg Sd;Schneberg Sdost;Hohenfriedbergstrae
7300515;Tempelhof-Schneberg;Friedenau;Friedenau West;Taunusstrae
7300516;Tempelhof-Schneberg;Friedenau;Friedenau West;Odenwaldstrae
7300517;Tempelhof-Schneberg;Friedenau;Friedenau West;Perelsplatz
7300618;Tempelhof-Schneberg;Friedenau;Friedenau Ost;Ceciliengrten
7300619;Tempelhof-Schneberg;Friedenau;Friedenau Ost;Grazer Platz
7400720;Tempelhof-Schneberg;Tempelhof;Tempelhof Nord;Gontermannstrae
7400721;Tempelhof-Schneberg;Tempelhof;Tempelhof Nord;Paradestrae
7400822;Tempelhof-Schneberg;Tempelhof;Tempelhof Sdwest;Lindenhofsiedlung
7400823;Tempelhof-Schneberg;Tempelhof;Tempelhof Sdwest;Wittekindstrae
7400824;Tempelhof-Schneberg;Tempelhof;Tempelhof Sdwest;Bosepark
7400825;Tempelhof-Schneberg;Tempelhof;Tempelhof Sdwest;Friedrich-Karl-Strae
7400826;Tempelhof-Schneberg;Tempelhof;Tempelhof Sdwest;Marienhhe
7400927;Tempelhof-Schneberg;Tempelhof;Tempelhof Sdost;Rathaus Tempelhof
7400928;Tempelhof-Schneberg;Tempelhof;Tempelhof Sdost;Germaniagarten
7501029;Tempelhof-Schneberg;Mariendorf;Mariendorf Nord;Ringstrae
7501030;Tempelhof-Schneberg;Mariendorf;Mariendorf Nord;Machonstrae
7501031;Tempelhof-Schneberg;Mariendorf;Mariendorf Nord;Eisenacher Strae
7501032;Tempelhof-Schneberg;Mariendorf;Mariendorf Nord;Imbrosweg
7501133;Tempelhof-Schneberg;Mariendorf;Mariendorf Sd;Fritz-Werner-Strae
7501134;Tempelhof-Schneberg;Mariendorf;Mariendorf Sd;Hundsteinweg
7501135;Tempelhof-Schneberg;Mariendorf;Mariendorf Sd;Birnhornweg
7601236;Tempelhof-Schneberg;Marienfelde / Lichtenrade;Marienfelde Nord;Marienfelder Allee Nordwest
7601237;Tempelhof-Schneberg;Marienfelde / Lichtenrade;Marienfelde Nord;Kirchstrae
7601238;Tempelhof-Schneberg;Marienfelde / Lichtenrade;Marienfelde Nord;Marienfelde Nordost
7601339;Tempelhof-Schneberg;Marienfelde / Lichtenrade;Marienfelde Sd;Tirschenreuther Ring West
7601340;Tempelhof-Schneberg;Marienfelde / Lichtenrade;Marienfelde Sd;Tirschenreuther Ring Ost
7601341;Tempelhof-Schneberg;Marienfelde / Lichtenrade;Marienfelde Sd;Diedersdorfer Weg 
7601442;Tempelhof-Schneberg;Marienfelde / Lichtenrade;Lichtenrade Nord;Kettinger Strae
7601443;Tempelhof-Schneberg;Marienfelde / Lichtenrade;Lichtenrade Nord;Tpchiner Weg
7601544;Tempelhof-Schneberg;Marienfelde / Lichtenrade;Lichtenrade Sd;John-Locke-Strae
7601545;Tempelhof-Schneberg;Marienfelde / Lichtenrade;Lichtenrade Sd;Nahariyastrae
7601546;Tempelhof-Schneberg;Marienfelde / Lichtenrade;Lichtenrade Sd;Franziusweg
7601547;Tempelhof-Schneberg;Marienfelde / Lichtenrade;Lichtenrade Sd;Horstwalder Strae
8100101;Neuklln;Neuklln;Schillerpromenade;Hasenheide
8100102;Neuklln;Neuklln;Schillerpromenade;Schillerpromenade Nord
8100103;Neuklln;Neuklln;Schillerpromenade;Schillerpromenade Sd
8100104;Neuklln;Neuklln;Schillerpromenade;Wartheplatz
8100105;Neuklln;Neuklln;Schillerpromenade;Silbersteinstrae
8100206;Neuklln;Neuklln;Neukllner Mitte/Zentrum;Flughafenstrae
8100207;Neuklln;Neuklln;Neukllner Mitte/Zentrum;Rollberg
8100208;Neuklln;Neuklln;Neukllner Mitte/Zentrum;Krnerpark
8100209;Neuklln;Neuklln;Neukllner Mitte/Zentrum;Glasower Strae
8100310;Neuklln;Neuklln;Reuterstrae;Maybachufer
8100311;Neuklln;Neuklln;Reuterstrae;Reuterplatz
8100312;Neuklln;Neuklln;Reuterstrae;Weichselplatz
8100313;Neuklln;Neuklln;Reuterstrae;Bouchstrae
8100314;Neuklln;Neuklln;Reuterstrae;Donaustrae
8100415;Neuklln;Neuklln;Rixdorf;Ganghoferstrae
8100416;Neuklln;Neuklln;Rixdorf;Alt-Rixdorf
8100417;Neuklln;Neuklln;Rixdorf;Braunschweiger Strae
8100418;Neuklln;Neuklln;Rixdorf;Hertzbergplatz
8100419;Neuklln;Neuklln;Rixdorf;Treptower Strae Nord
8100520;Neuklln;Neuklln;Kllnische Heide;Weie Siedlung
8100521;Neuklln;Neuklln;Kllnische Heide;Schulenburgpark
8200622;Neuklln;Britz/Buckow;Britz Nord;Jahnstrae
8200623;Neuklln;Britz/Buckow;Britz Nord;Park am Buschkrug 
8200624;Neuklln;Britz/Buckow;Britz Nord;Tempelhofer Weg
8200725;Neuklln;Britz/Buckow;Britz;Mohriner Allee Nord
8200726;Neuklln;Britz/Buckow;Britz;Hufeisensiedlung
8200727;Neuklln;Britz/Buckow;Britz;Parchimer Allee Sd
8200728;Neuklln;Britz/Buckow;Britz;Ortolanweg
8200729;Neuklln;Britz/Buckow;Britz;Britzer Garten
8200730;Neuklln;Britz/Buckow;Britz;Handwerker-Siedlung
8200831;Neuklln;Britz/Buckow;Buckow;Buckow West
8200832;Neuklln;Britz/Buckow;Buckow;Buckow Mitte
8200833;Neuklln;Britz/Buckow;Buckow;Buckow Ost
8300934;Neuklln;Gropiusstadt;Gropiusstadt West;Gropiusstadt Nord-West
8300935;Neuklln;Gropiusstadt;Gropiusstadt West;Gropiusstadt Sd-West
8301036;Neuklln;Gropiusstadt;Gropiusstadt Ost;Gropiusstadt Mitte
8301037;Neuklln;Gropiusstadt;Gropiusstadt Ost;Gropiusstadt Sd-Ost
8401138;Neuklln;Buckow Nord/Rudow;Buckow Nord;Goldhhnchenweg
8401139;Neuklln;Buckow Nord/Rudow;Buckow Nord;Vogelviertel Sd
8401140;Neuklln;Buckow Nord/Rudow;Buckow Nord;Vogelviertel Nord
8401241;Neuklln;Buckow Nord/Rudow;Rudow;Blumenviertel
8401242;Neuklln;Buckow Nord/Rudow;Rudow;Zittauer Strae
8401243;Neuklln;Buckow Nord/Rudow;Rudow;Alt-Rudow
8401244;Neuklln;Buckow Nord/Rudow;Rudow;Wamannsdorfer Chaussee
8401245;Neuklln;Buckow Nord/Rudow;Rudow;Frauenviertel
8401246;Neuklln;Buckow Nord/Rudow;Rudow;Waltersdorfer Chaussee Ost
9100101;Treptow-Kpenick;Treptow-Kpenick 1;Alt-Treptow;Alt-Treptow
9100202;Treptow-Kpenick;Treptow-Kpenick 1;Plnterwald;Plnterwald West
9100203;Treptow-Kpenick;Treptow-Kpenick 1;Plnterwald;Plnterwald West
9100304;Treptow-Kpenick;Treptow-Kpenick 1;Baumschulenweg;Baumschulenweg West
9100305;Treptow-Kpenick;Treptow-Kpenick 1;Baumschulenweg;Baumschulenweg Ost
9100306;Treptow-Kpenick;Treptow-Kpenick 1;Baumschulenweg;Spthsfelde
9100407;Treptow-Kpenick;Treptow-Kpenick 1;Johannisthal;Johannisthal West
9100408;Treptow-Kpenick;Treptow-Kpenick 1;Johannisthal;Johannisthal Ost
9100409;Treptow-Kpenick;Treptow-Kpenick 1;Johannisthal;Landschaftspark Adlershof
9200510;Treptow-Kpenick;Treptow-Kpenick 2;Oberschneweide;Helmholtz-Kiez 
9200511;Treptow-Kpenick;Treptow-Kpenick 2;Oberschneweide;Griechischer Park
9200512;Treptow-Kpenick;Treptow-Kpenick 2;Oberschneweide;Wuhlheide
9200613;Treptow-Kpenick;Treptow-Kpenick 2;Niederschneweide;Bahnhof Schneweide
9200614;Treptow-Kpenick;Treptow-Kpenick 2;Niederschneweide;Oberspree
9200715;Treptow-Kpenick;Treptow-Kpenick 2;Adlershof;Wista
9200716;Treptow-Kpenick;Treptow-Kpenick 2;Adlershof;Drpfeldstrae West
9200717;Treptow-Kpenick;Treptow-Kpenick 2;Adlershof;Drpfeldstrae Ost
9200818;Treptow-Kpenick;Treptow-Kpenick 2;Kllnische Vorstadt/Spindlersfeld;Spindlersfeld
9200819;Treptow-Kpenick;Treptow-Kpenick 2;Kllnische Vorstadt/Spindlersfeld;Kllnische Vorstadt
9300920;Treptow-Kpenick;Treptow-Kpenick 3;Altglienicke;Dorf Altglienicke
9300921;Treptow-Kpenick;Treptow-Kpenick 3;Altglienicke;Preuen Siedlung
9300922;Treptow-Kpenick;Treptow-Kpenick 3;Altglienicke;Kosmos Viertel
9300923;Treptow-Kpenick;Treptow-Kpenick 3;Altglienicke;Klner Viertel
9301024;Treptow-Kpenick;Treptow-Kpenick 3;Bohnsdorf;Falkenberg
9301025;Treptow-Kpenick;Treptow-Kpenick 3;Bohnsdorf;Alt-Bohnsdorf
9301126;Treptow-Kpenick;Treptow-Kpenick 3;Grnau;Grnau
9301227;Treptow-Kpenick;Treptow-Kpenick 3;Schmckwitz;Karolinenhof
9301228;Treptow-Kpenick;Treptow-Kpenick 3;Schmckwitz;Schmckwitz/Rauchfangswerder
9401329;Treptow-Kpenick;Treptow-Kpenick 4;Kpenick Sd;Kietzer Feld/Nachtheide
9401330;Treptow-Kpenick;Treptow-Kpenick 4;Kpenick Sd;Wendenschlo
9401431;Treptow-Kpenick;Treptow-Kpenick 4;Allende-Viertel;Allende I
9401432;Treptow-Kpenick;Treptow-Kpenick 4;Allende-Viertel;Siedlung Kmmereiheide
9401433;Treptow-Kpenick;Treptow-Kpenick 4;Allende-Viertel;Allende II 
9401534;Treptow-Kpenick;Treptow-Kpenick 4;Altstadt Kpenick ;Altstadt Kpenick
9401635;Treptow-Kpenick;Treptow-Kpenick 4;Mggelheim;Mggelheim
9501736;Treptow-Kpenick;Treptow-Kpenick 5;Friedrichshagen;Hirschgarten
9501737;Treptow-Kpenick;Treptow-Kpenick 5;Friedrichshagen;Alt-Friedrichshagen
9501838;Treptow-Kpenick;Treptow-Kpenick 5;Rahnsdorf;Rahnsdorf
9501939;Treptow-Kpenick;Treptow-Kpenick 5;Dammvorstadt;Bahnhofstrae
9501940;Treptow-Kpenick;Treptow-Kpenick 5;Dammvorstadt;Gterbahnhof Kpenick
9501941;Treptow-Kpenick;Treptow-Kpenick 5;Dammvorstadt;Friedrichshagener Strae
9502042;Treptow-Kpenick;Treptow-Kpenick 5;Kpenick Nord;Mittelheide
9502043;Treptow-Kpenick;Treptow-Kpenick 5;Kpenick Nord;Dammheide
10100101;Marzahn-Hellersdorf;Marzahn;Marzahn Nord;Marzahn West
10100102;Marzahn-Hellersdorf;Marzahn;Marzahn Nord;Rosenbecker Strae
10100103;Marzahn-Hellersdorf;Marzahn;Marzahn Nord;Wittenberger Strae
10100104;Marzahn-Hellersdorf;Marzahn;Marzahn Nord;Golliner Strae
10100205;Marzahn-Hellersdorf;Marzahn;Marzahn Mitte;Gewerbegebiet Bitterfelder Strae
10100206;Marzahn-Hellersdorf;Marzahn;Marzahn Mitte;Wuhletalstrae
10100207;Marzahn-Hellersdorf;Marzahn;Marzahn Mitte;Ahrensfelder Berge
10100208;Marzahn-Hellersdorf;Marzahn;Marzahn Mitte;Brgerpark
10100209;Marzahn-Hellersdorf;Marzahn;Marzahn Mitte;Lea-Grundig-Strae
10100210;Marzahn-Hellersdorf;Marzahn;Marzahn Mitte;Marzahner Promenade
10100311;Marzahn-Hellersdorf;Marzahn;Marzahn Sd;Marzahner Chaussee
10100312;Marzahn-Hellersdorf;Marzahn;Marzahn Sd;Springpfuhl
10100313;Marzahn-Hellersdorf;Marzahn;Marzahn Sd;Alt-Marzahn
10100314;Marzahn-Hellersdorf;Marzahn;Marzahn Sd;Auersbergstrae
10100315;Marzahn-Hellersdorf;Marzahn;Marzahn Sd;Brenstein
10100316;Marzahn-Hellersdorf;Marzahn;Marzahn Sd;Landsberger Tor
10200417;Marzahn-Hellersdorf;Hellersdorf;Hellersdorf Nord;Zossener Strae
10200418;Marzahn-Hellersdorf;Hellersdorf;Hellersdorf Nord;Kyritzer Strae
10200419;Marzahn-Hellersdorf;Hellersdorf;Hellersdorf Nord;Havellnder Ring
10200420;Marzahn-Hellersdorf;Hellersdorf;Hellersdorf Nord;Gut Hellersdorf
10200421;Marzahn-Hellersdorf;Hellersdorf;Hellersdorf Nord;Helle Mitte
10200422;Marzahn-Hellersdorf;Hellersdorf;Hellersdorf Nord;Hellersdorfer Promenade
10200423;Marzahn-Hellersdorf;Hellersdorf;Hellersdorf Nord;Bhlener Strae
10200524;Marzahn-Hellersdorf;Hellersdorf;Hellersdorf Ost;Adele-Sandrock-Strae
10200525;Marzahn-Hellersdorf;Hellersdorf;Hellersdorf Ost;Schleipfuhl
10200526;Marzahn-Hellersdorf;Hellersdorf;Hellersdorf Ost;Boulevard Kastanienallee
10200627;Marzahn-Hellersdorf;Hellersdorf;Hellersdorf Sd;Am Kienberg
10200628;Marzahn-Hellersdorf;Hellersdorf;Hellersdorf Sd;Neue Grottkauer Strae
10200629;Marzahn-Hellersdorf;Hellersdorf;Hellersdorf Sd;Teterower Ring
10200630;Marzahn-Hellersdorf;Hellersdorf;Hellersdorf Sd;Cecilienplatz
10300731;Marzahn-Hellersdorf;Biesdorf;Biesdorf;Oberfeldstrae
10300732;Marzahn-Hellersdorf;Biesdorf;Biesdorf;Buckower Ring
10300733;Marzahn-Hellersdorf;Biesdorf;Biesdorf;Alt-Biesdorf
10300734;Marzahn-Hellersdorf;Biesdorf;Biesdorf;Biesdorf Sd
10400835;Marzahn-Hellersdorf;Kaulsdorf/Mahlsdorf;Kaulsdorf;Kaulsdorf Nord
10400836;Marzahn-Hellersdorf;Kaulsdorf/Mahlsdorf;Kaulsdorf;Alt-Kaulsdorf
10400837;Marzahn-Hellersdorf;Kaulsdorf/Mahlsdorf;Kaulsdorf;Kaulsdorf Sd
10400938;Marzahn-Hellersdorf;Kaulsdorf/Mahlsdorf;Mahlsdorf;Mahlsdorf Nord
10400939;Marzahn-Hellersdorf;Kaulsdorf/Mahlsdorf;Mahlsdorf;Alt-Mahlsdorf
10400940;Marzahn-Hellersdorf;Kaulsdorf/Mahlsdorf;Mahlsdorf;Elsensee
10400941;Marzahn-Hellersdorf;Kaulsdorf/Mahlsdorf;Mahlsdorf;Pilgramer Strae
11100101;Lichtenberg;Hohenschnhausen Nord;Drfer Malchow-Wartenberg;Drfer Malchow-Wartenberg
11100102;Lichtenberg;Hohenschnhausen Nord;Drfer Malchow-Wartenberg;Dorf Falkenberg
11100203;Lichtenberg;Hohenschnhausen Nord;Neu-Hohenschnhausen Nord;Falkenberg Ost
11100204;Lichtenberg;Hohenschnhausen Nord;Neu-Hohenschnhausen Nord;Falkenberg West
11100205;Lichtenberg;Hohenschnhausen Nord;Neu-Hohenschnhausen Nord;Wartenberg Sd
11100206;Lichtenberg;Hohenschnhausen Nord;Neu-Hohenschnhausen Nord;Wartenberg Nord
11100307;Lichtenberg;Hohenschnhausen Nord;Neu-Hohenschnhausen Sd;Zingster Strae Ost
11100308;Lichtenberg;Hohenschnhausen Nord;Neu-Hohenschnhausen Sd;Zingster Strae West
11100309;Lichtenberg;Hohenschnhausen Nord;Neu-Hohenschnhausen Sd;Mhlengrund
11200410;Lichtenberg;Hohenschnhausen Sd;Alt-Hohenschnhausen Nord;Malchower Weg
11200411;Lichtenberg;Hohenschnhausen Sd;Alt-Hohenschnhausen Nord;Hauptstrae
11200512;Lichtenberg;Hohenschnhausen Sd;Alt-Hohenschnhausen Sd;Orankesee
11200513;Lichtenberg;Hohenschnhausen Sd;Alt-Hohenschnhausen Sd;Groe-Leege-Strae
11200514;Lichtenberg;Hohenschnhausen Sd;Alt-Hohenschnhausen Sd;Landsberger Allee
11200515;Lichtenberg;Hohenschnhausen Sd;Alt-Hohenschnhausen Sd;Weie Taube
11300616;Lichtenberg;Lichtenberg Nord;Fennpfuhl;Hohenschnhausener Strae
11300617;Lichtenberg;Lichtenberg Nord;Fennpfuhl;Fennpfuhlpark
11300618;Lichtenberg;Lichtenberg Nord;Fennpfuhl;Storkower Bogen
11300619;Lichtenberg;Lichtenberg Nord;Fennpfuhl;Rudolf-Seiffert-Park
11300620;Lichtenberg;Lichtenberg Nord;Fennpfuhl;Fennpfuhl Ost
11300721;Lichtenberg;Lichtenberg Nord;Alt-Lichtenberg;Herzbergstrae
11300722;Lichtenberg;Lichtenberg Nord;Alt-Lichtenberg;Rathaus Lichtenberg
11300723;Lichtenberg;Lichtenberg Nord;Alt-Lichtenberg;Bornitzstrae
11300724;Lichtenberg;Lichtenberg Nord;Alt-Lichtenberg;Roedeliusplatz
11300725;Lichtenberg;Lichtenberg Nord;Alt-Lichtenberg;Nibelungenviertel
11300826;Lichtenberg;Lichtenberg Nord;Frankfurter Allee Sd;Frankfurter Allee Sd
11400927;Lichtenberg;Lichtenberg Mitte;Neu-Lichtenberg;Victoriastadt
11400928;Lichtenberg;Lichtenberg Mitte;Neu-Lichtenberg;Nldnerplatz
11400929;Lichtenberg;Lichtenberg Mitte;Neu-Lichtenberg;Weitlingkiez
11400930;Lichtenberg;Lichtenberg Mitte;Neu-Lichtenberg;Zachertstrae
11400931;Lichtenberg;Lichtenberg Mitte;Neu-Lichtenberg;Massower Strae
11401032;Lichtenberg;Lichtenberg Mitte;Friedrichsfelde Nord;Rosenfelder Ring
11401033;Lichtenberg;Lichtenberg Mitte;Friedrichsfelde Nord;Gensinger Strae
11401034;Lichtenberg;Lichtenberg Mitte;Friedrichsfelde Nord;Tierpark
11401135;Lichtenberg;Lichtenberg Mitte;Friedrichsfelde Sd;Dolgenseestrae
11401136;Lichtenberg;Lichtenberg Mitte;Friedrichsfelde Sd;Volkradstrae
11401137;Lichtenberg;Lichtenberg Mitte;Friedrichsfelde Sd;Erieseering
11501238;Lichtenberg;Lichtenberg Sd;Rummelsburger Bucht;Rummelsburg
11501339;Lichtenberg;Lichtenberg Sd;Karlshorst;Karlshorst West
11501340;Lichtenberg;Lichtenberg Sd;Karlshorst;Karlshorst Nord
11501341;Lichtenberg;Lichtenberg Sd;Karlshorst;Karlshorst Sd
12100101;Reinickendorf;Reinickendorf Ost;Ost 1 - Reginhardstrae;Letteplatz
12100102;Reinickendorf;Reinickendorf Ost;Ost 1 - Reginhardstrae;Hausotterplatz
12100103;Reinickendorf;Reinickendorf Ost;Ost 1 - Reginhardstrae;Breitkopfbecken
12100204;Reinickendorf;Reinickendorf Ost;Ost 2 - Alt-Reinickendorf;Schfersee
12100205;Reinickendorf;Reinickendorf Ost;Ost 2 - Alt-Reinickendorf;Teichstrae
12100206;Reinickendorf;Reinickendorf Ost;Ost 2 - Alt-Reinickendorf;Humboldtstrae
12200307;Reinickendorf;Tegel;West 4 - Auguste-Viktoria-Allee;Reinickes Hof
12200308;Reinickendorf;Tegel;West 4 - Auguste-Viktoria-Allee;Mellerbogen
12200309;Reinickendorf;Tegel;West 4 - Auguste-Viktoria-Allee;Scharnweberstrae
12200310;Reinickendorf;Tegel;West 4 - Auguste-Viktoria-Allee;Klixstrae
12200411;Reinickendorf;Tegel;West 1 - Tegel-Sd/Flughafensee;Schumacher-Quartier
12200412;Reinickendorf;Tegel;West 1 - Tegel-Sd/Flughafensee;Waldidyll/Flughafensee
12200413;Reinickendorf;Tegel;West 1 - Tegel-Sd/Flughafensee;Tegel Sd
12200414;Reinickendorf;Tegel;West 1 - Tegel-Sd/Flughafensee;TXL
12200515;Reinickendorf;Tegel;West 5 - Tegel;Alt-Tegel
12400616;Reinickendorf;Grner Norden;West 2 - Heiligensee/Konradshhe;Konradshhe/Tegelort
12400617;Reinickendorf;Grner Norden;West 2 - Heiligensee/Konradshhe;Alt-Heiligensee
12400618;Reinickendorf;Grner Norden;West 2 - Heiligensee/Konradshhe;Heiligensee Nord
12400619;Reinickendorf;Grner Norden;West 2 - Heiligensee/Konradshhe;Heiligensee
12400720;Reinickendorf;Grner Norden;Nord 1 - Frohnau/Hermsdorf;Frohnau West
12400721;Reinickendorf;Grner Norden;Nord 1 - Frohnau/Hermsdorf;Frohnau Ost
12400722;Reinickendorf;Grner Norden;Nord 1 - Frohnau/Hermsdorf;Hermsdorf West
12400723;Reinickendorf;Grner Norden;Nord 1 - Frohnau/Hermsdorf;Hermsdorf Ost/Waldsee
12500824;Reinickendorf;Wittenau/Borsigwalde;West 3 - Borsigwalde/Freie Scholle;Ziekowstrae/Freie Scholle
12500825;Reinickendorf;Wittenau/Borsigwalde;West 3 - Borsigwalde/Freie Scholle;Borsigwalde
12500926;Reinickendorf;Wittenau/Borsigwalde;Nord 2 - Waidmannslust/Wittenau/Lbars;Wittenau Sd
12500927;Reinickendorf;Wittenau/Borsigwalde;Nord 2 - Waidmannslust/Wittenau/Lbars;Wittenau Nord
12500928;Reinickendorf;Wittenau/Borsigwalde;Nord 2 - Waidmannslust/Wittenau/Lbars;Waidmannslust
12500929;Reinickendorf;Wittenau/Borsigwalde;Nord 2 - Waidmannslust/Wittenau/Lbars;Lbars
12500930;Reinickendorf;Wittenau/Borsigwalde;Nord 2 - Waidmannslust/Wittenau/Lbars;Wittenau Mitte
12601031;Reinickendorf;Mrkisches Viertel;Rollbergesiedlung;Lbarser Strae
12601032;Reinickendorf;Mrkisches Viertel;Rollbergesiedlung;Rollbergesiedlung
12601133;Reinickendorf;Mrkisches Viertel;MV Nord ;Treuenbrietzener Strae
12601134;Reinickendorf;Mrkisches Viertel;MV Nord ;Mrkisches Zentrum
12601235;Reinickendorf;Mrkisches Viertel;MV Sd;Dannenwalder Weg
12601236;Reinickendorf;Mrkisches Viertel;MV Sd;Schorfheidestrae
=======
Berlin_code_area;Administrative_district;District;Quarter;Streer_name
1100101;Mitte;Zentrum;Tiergarten Sd;Stlerstrae
1100102;Mitte;Zentrum;Tiergarten Sd;Groer Tiergarten
1100103;Mitte;Zentrum;Tiergarten Sd;Ltzowstrae
1100104;Mitte;Zentrum;Tiergarten Sd;Krnerstrae
1100205;Mitte;Zentrum;Regierungsviertel;Wilhelmstrae
1100206;Mitte;Zentrum;Regierungsviertel;Unter den Linden
1100207;Mitte;Zentrum;Regierungsviertel;Leipziger Strae
1100308;Mitte;Zentrum;Alexanderplatz;Charitviertel
1100309;Mitte;Zentrum;Alexanderplatz;Oranienburger Strae
1100310;Mitte;Zentrum;Alexanderplatz;Alexanderplatzviertel
1100311;Mitte;Zentrum;Alexanderplatz;Karl-Marx-Allee
1100312;Mitte;Zentrum;Alexanderplatz;Heine-Viertel West
1100313;Mitte;Zentrum;Alexanderplatz;Heine-Viertel Ost
1100414;Mitte;Zentrum;Brunnenstrae Sd;Nordbahnhof
1100415;Mitte;Zentrum;Brunnenstrae Sd;Invalidenstrae
1100416;Mitte;Zentrum;Brunnenstrae Sd;Arkonaplatz
1200517;Mitte;Moabit;Moabit West;Huttenkiez
1200518;Mitte;Moabit;Moabit West;Beusselkiez
1200519;Mitte;Moabit;Moabit West;Emdener Strae
1200520;Mitte;Moabit;Moabit West;Bremer Strae
1200521;Mitte;Moabit;Moabit West;Zwinglistrae
1200522;Mitte;Moabit;Moabit West;Elberfelder Strae
1200623;Mitte;Moabit;Moabit Ost;Stephankiez
1200624;Mitte;Moabit;Moabit Ost;Heidestrae
1200625;Mitte;Moabit;Moabit Ost;Lbecker Strae
1200626;Mitte;Moabit;Moabit Ost;Thomasiusstrae
1200627;Mitte;Moabit;Moabit Ost;Zillesiedlung
1200628;Mitte;Moabit;Moabit Ost;Lneburger Strae
1200629;Mitte;Moabit;Moabit Ost;Hansaviertel
1300730;Mitte;Gesundbrunnen;Osloer Strae;Drontheimer Strae
1300731;Mitte;Gesundbrunnen;Osloer Strae;Koloniestrae
1300732;Mitte;Gesundbrunnen;Osloer Strae;Soldiner Strae
1300733;Mitte;Gesundbrunnen;Osloer Strae;Gesundbrunnen
1300834;Mitte;Gesundbrunnen;Brunnenstrae Nord;Brunnenstrae
1300835;Mitte;Gesundbrunnen;Brunnenstrae Nord;Humboldthain Sd
1300836;Mitte;Gesundbrunnen;Brunnenstrae Nord;Humboldthain Nordwest
1400937;Mitte;Wedding;Parkviertel;Afrikanische Strae
1400938;Mitte;Wedding;Parkviertel;Kameruner Strae
1400939;Mitte;Wedding;Parkviertel;Glasgower Strae
1400940;Mitte;Wedding;Parkviertel;Schillerpark
1400941;Mitte;Wedding;Parkviertel;Londoner Strae
1400942;Mitte;Wedding;Parkviertel;Westliche Mllerstrae
1401043;Mitte;Wedding;Wedding Zentrum;Antonstrae
1401044;Mitte;Wedding;Wedding Zentrum;Uferstrae
1401045;Mitte;Wedding;Wedding Zentrum;Schwedenstrae
1401046;Mitte;Wedding;Wedding Zentrum;Nordufer
1401047;Mitte;Wedding;Wedding Zentrum;Sparrplatz
1401048;Mitte;Wedding;Wedding Zentrum;Leopoldplatz
1401049;Mitte;Wedding;Wedding Zentrum;Schulstrae
2100101;Friedrichshain-Kreuzberg;Kreuzberg Nord;Sdliche Friedrichstadt;Askanischer Platz
2100102;Friedrichshain-Kreuzberg;Kreuzberg Nord;Sdliche Friedrichstadt;Mehringplatz
2100103;Friedrichshain-Kreuzberg;Kreuzberg Nord;Sdliche Friedrichstadt;Am Berlin Museum
2100104;Friedrichshain-Kreuzberg;Kreuzberg Nord;Sdliche Friedrichstadt;Moritzplatz
2100105;Friedrichshain-Kreuzberg;Kreuzberg Nord;Sdliche Friedrichstadt;Prinzenstrae
2100106;Friedrichshain-Kreuzberg;Kreuzberg Nord;Sdliche Friedrichstadt;Wassertorplatz
2200207;Friedrichshain-Kreuzberg;Kreuzberg Sd;Tempelhofer Vorstadt;Gleisdreieck
2200208;Friedrichshain-Kreuzberg;Kreuzberg Sd;Tempelhofer Vorstadt;Rathaus Yorckstrae
2200209;Friedrichshain-Kreuzberg;Kreuzberg Sd;Tempelhofer Vorstadt;Viktoriapark
2200210;Friedrichshain-Kreuzberg;Kreuzberg Sd;Tempelhofer Vorstadt;Urbanstrae
2200211;Friedrichshain-Kreuzberg;Kreuzberg Sd;Tempelhofer Vorstadt;Chamissokiez
2200212;Friedrichshain-Kreuzberg;Kreuzberg Sd;Tempelhofer Vorstadt;Graefekiez Sd
2200213;Friedrichshain-Kreuzberg;Kreuzberg Sd;Tempelhofer Vorstadt;Graefekiez Nord
2300314;Friedrichshain-Kreuzberg;Kreuzberg Ost;Nrdliche Luisenstadt;Oranienplatz
2300315;Friedrichshain-Kreuzberg;Kreuzberg Ost;Nrdliche Luisenstadt;Lausitzer Platz
2300316;Friedrichshain-Kreuzberg;Kreuzberg Ost;Nrdliche Luisenstadt;Kpenicker Strae 
2300417;Friedrichshain-Kreuzberg;Kreuzberg Ost;Sdliche Luisenstadt;Reichenberger Strae West
2300418;Friedrichshain-Kreuzberg;Kreuzberg Ost;Sdliche Luisenstadt;Reichenberger Strae Ost
2300419;Friedrichshain-Kreuzberg;Kreuzberg Ost;Sdliche Luisenstadt;Wrangelkiez
2400520;Friedrichshain-Kreuzberg;Friedrichshain West;Karl-Marx-Allee Nord;Barnimkiez
2400521;Friedrichshain-Kreuzberg;Friedrichshain West;Karl-Marx-Allee Nord;Friedenstrae
2400522;Friedrichshain-Kreuzberg;Friedrichshain West;Karl-Marx-Allee Nord;Richard-Sorge-Viertel
2400623;Friedrichshain-Kreuzberg;Friedrichshain West;Karl-Marx-Allee Sd;Andreasviertel
2400624;Friedrichshain-Kreuzberg;Friedrichshain West;Karl-Marx-Allee Sd;Weberwiese
2400625;Friedrichshain-Kreuzberg;Friedrichshain West;Karl-Marx-Allee Sd;Wriezener Bahnhof
2500726;Friedrichshain-Kreuzberg;Friedrichshain Ost;Frankfurter Allee Nord;Hausburgviertel
2500727;Friedrichshain-Kreuzberg;Friedrichshain Ost;Frankfurter Allee Nord;Forckenbeckplatz
2500728;Friedrichshain-Kreuzberg;Friedrichshain Ost;Frankfurter Allee Nord;Samariterviertel
2500729;Friedrichshain-Kreuzberg;Friedrichshain Ost;Frankfurter Allee Nord;Pettenkofer Strae
2500830;Friedrichshain-Kreuzberg;Friedrichshain Ost;Frankfurter Allee Sd FK;Niederbarnimstrae
2500831;Friedrichshain-Kreuzberg;Friedrichshain Ost;Frankfurter Allee Sd FK;Wismarplatz
2500832;Friedrichshain-Kreuzberg;Friedrichshain Ost;Frankfurter Allee Sd FK;Traveplatz
2500833;Friedrichshain-Kreuzberg;Friedrichshain Ost;Frankfurter Allee Sd FK;Boxhagener Platz
2500834;Friedrichshain-Kreuzberg;Friedrichshain Ost;Frankfurter Allee Sd FK;Revaler Strae
2500835;Friedrichshain-Kreuzberg;Friedrichshain Ost;Frankfurter Allee Sd FK;Stralauer Kiez
2500836;Friedrichshain-Kreuzberg;Friedrichshain Ost;Frankfurter Allee Sd FK;Stralauer Halbinsel
3100101;Pankow;Buch;Buch;Bucher Forst
3100102;Pankow;Buch;Buch;Klinikum Buch
3100103;Pankow;Buch;Buch;Karower Chaussee
3200204;Pankow;Nrdliches Pankow;Blankenfelde/Niederschnhausen;Blankenfelde
3200205;Pankow;Nrdliches Pankow;Blankenfelde/Niederschnhausen;Uhlandstrae
3200206;Pankow;Nrdliches Pankow;Blankenfelde/Niederschnhausen;Pastor-Niemller-Platz
3200207;Pankow;Nrdliches Pankow;Blankenfelde/Niederschnhausen;Herthaplatz
3200308;Pankow;Nrdliches Pankow;Buchholz;Nisblstrae
3200309;Pankow;Nrdliches Pankow;Buchholz;Eddastrae
3200310;Pankow;Nrdliches Pankow;Buchholz;Krugpfuhl
3300411;Pankow;Nrdliches Weiensee;Karow;Karow Nord
3300412;Pankow;Nrdliches Weiensee;Karow;Karow Bahnhof
3300413;Pankow;Nrdliches Weiensee;Karow;Karow Ost
3300514;Pankow;Nrdliches Weiensee;Blankenburg/Heinersdorf/Mrchenland;Blankenburg
3300515;Pankow;Nrdliches Weiensee;Blankenburg/Heinersdorf/Mrchenland;Blankenburger Sden
3300516;Pankow;Nrdliches Weiensee;Blankenburg/Heinersdorf/Mrchenland;Heinersdorf
3300517;Pankow;Nrdliches Weiensee;Blankenburg/Heinersdorf/Mrchenland;Mrchenland
3400618;Pankow;Sdliches Pankow;Schnholz/Wilhelmsruh/Rosenthal;Rosenthal
3400619;Pankow;Sdliches Pankow;Schnholz/Wilhelmsruh/Rosenthal;Wilhelmsruh
3400620;Pankow;Sdliches Pankow;Schnholz/Wilhelmsruh/Rosenthal;Schnholz
3400721;Pankow;Sdliches Pankow;Pankow Zentrum;Florakiez
3400722;Pankow;Sdliches Pankow;Pankow Zentrum;Parkstrae
3400723;Pankow;Sdliches Pankow;Pankow Zentrum;Garbtyplatz
3400724;Pankow;Sdliches Pankow;Pankow Zentrum;Wolfshagener Strae
3400725;Pankow;Sdliches Pankow;Pankow Zentrum;Schlosspark
3400826;Pankow;Sdliches Pankow;Pankow Sd;Tiroler Viertel
3400827;Pankow;Sdliches Pankow;Pankow Sd;Trelleborger Viertel
3400828;Pankow;Sdliches Pankow;Pankow Sd;Spiekermann Strae
3400829;Pankow;Sdliches Pankow;Pankow Sd;Arnold-Zweig-Strae
3400830;Pankow;Sdliches Pankow;Pankow Sd;Kissingenviertel
3400831;Pankow;Sdliches Pankow;Pankow Sd;Pankower Tor
3500932;Pankow;Sdliches Weiensee;Weiensee;Bhringstrae
3500933;Pankow;Sdliches Weiensee;Weiensee;Weier See
3500934;Pankow;Sdliches Weiensee;Weiensee;Weienseer Spitze
3500935;Pankow;Sdliches Weiensee;Weiensee;Behaimstrae
3500936;Pankow;Sdliches Weiensee;Weiensee;Komponistenviertel Weiensee
3501037;Pankow;Sdliches Weiensee;Weiensee Ost;Rathaus Weiensee
3501038;Pankow;Sdliches Weiensee;Weiensee Ost;Hansastrae
3601139;Pankow;Nrdlicher Prenzlauer Berg;Prenzlauer Berg Nordwest;Norweger Viertel
3601140;Pankow;Nrdlicher Prenzlauer Berg;Prenzlauer Berg Nordwest;Malmer Strae
3601141;Pankow;Nrdlicher Prenzlauer Berg;Prenzlauer Berg Nordwest;Arnimplatz
3601142;Pankow;Nrdlicher Prenzlauer Berg;Prenzlauer Berg Nordwest;Falkplatz
3601243;Pankow;Nrdlicher Prenzlauer Berg;Prenzlauer Berg Nord;Rodenbergstrae
3601244;Pankow;Nrdlicher Prenzlauer Berg;Prenzlauer Berg Nord;Humannplatz
3601245;Pankow;Nrdlicher Prenzlauer Berg;Prenzlauer Berg Nord;Ostseestrae
3601346;Pankow;Nrdlicher Prenzlauer Berg;Helmholtzplatz;Gethsemanekirche
3601347;Pankow;Nrdlicher Prenzlauer Berg;Helmholtzplatz;Helmholtzplatz
3601348;Pankow;Nrdlicher Prenzlauer Berg;Helmholtzplatz;Senefelderstrae
3601449;Pankow;Nrdlicher Prenzlauer Berg;Prenzlauer Berg Ost;Michelangelostrae
3601450;Pankow;Nrdlicher Prenzlauer Berg;Prenzlauer Berg Ost;Volkspark Prenzlauer Berg
3601451;Pankow;Nrdlicher Prenzlauer Berg;Prenzlauer Berg Ost;Anton-Saefkow-Park
3601452;Pankow;Nrdlicher Prenzlauer Berg;Prenzlauer Berg Ost;Velodrom
3601453;Pankow;Nrdlicher Prenzlauer Berg;Prenzlauer Berg Ost;Alter Schlachthof
3701554;Pankow;Sdlicher Prenzlauer Berg;Prenzlauer Berg Sdwest;Teutoburger Platz
3701555;Pankow;Sdlicher Prenzlauer Berg;Prenzlauer Berg Sdwest;Sredzkistrae
3701556;Pankow;Sdlicher Prenzlauer Berg;Prenzlauer Berg Sdwest;Kollwitzplatz
3701657;Pankow;Sdlicher Prenzlauer Berg;Prenzlauer Berg Sd;Thlmannpark
3701658;Pankow;Sdlicher Prenzlauer Berg;Prenzlauer Berg Sd;Christburger Strae
3701659;Pankow;Sdlicher Prenzlauer Berg;Prenzlauer Berg Sd;Immanuelkirchstrae
3701660;Pankow;Sdlicher Prenzlauer Berg;Prenzlauer Berg Sd;Btzowstrae
4100101;Charlottenburg-Wilmersdorf;Charlottenburg Nord;Charlottenburg Nord;Jungfernheide/Pltzensee
4100102;Charlottenburg-Wilmersdorf;Charlottenburg Nord;Charlottenburg Nord;Paul-Hertz-Siedlung
4200203;Charlottenburg-Wilmersdorf;Charlottenburg West;Heerstrae;Olympiagelnde
4200204;Charlottenburg-Wilmersdorf;Charlottenburg West;Heerstrae;Angerburger Allee
4200205;Charlottenburg-Wilmersdorf;Charlottenburg West;Heerstrae;Flatowallee
4200206;Charlottenburg-Wilmersdorf;Charlottenburg West;Heerstrae;Kranzallee
4200207;Charlottenburg-Wilmersdorf;Charlottenburg West;Heerstrae;Eichkamp
4200308;Charlottenburg-Wilmersdorf;Charlottenburg West;Westend;Branitzer Platz
4200309;Charlottenburg-Wilmersdorf;Charlottenburg West;Westend;Neu Westend
4200310;Charlottenburg-Wilmersdorf;Charlottenburg West;Westend;Frstenplatz
4200311;Charlottenburg-Wilmersdorf;Charlottenburg West;Westend;Knigin-Elisabeth-Strae
4300412;Charlottenburg-Wilmersdorf;Charlottenburg Zentrum;Schloss Charlottenburg;Schlossgarten
4300413;Charlottenburg-Wilmersdorf;Charlottenburg Zentrum;Schloss Charlottenburg;Klausenerplatz
4300414;Charlottenburg-Wilmersdorf;Charlottenburg Zentrum;Schloss Charlottenburg;Schlostrae
4300415;Charlottenburg-Wilmersdorf;Charlottenburg Zentrum;Schloss Charlottenburg;Lietzensee
4300416;Charlottenburg-Wilmersdorf;Charlottenburg Zentrum;Schloss Charlottenburg;Amtsgerichtsplatz
4300517;Charlottenburg-Wilmersdorf;Charlottenburg Zentrum;Mierendorffplatz;Tegeler Weg
4300518;Charlottenburg-Wilmersdorf;Charlottenburg Zentrum;Mierendorffplatz;Kaiserin-Augusta-Allee
4300619;Charlottenburg-Wilmersdorf;Charlottenburg Zentrum;Otto-Suhr-Allee/Kantstrae;Alt-Lietzow
4300620;Charlottenburg-Wilmersdorf;Charlottenburg Zentrum;Otto-Suhr-Allee/Kantstrae;Spreestadt
4300621;Charlottenburg-Wilmersdorf;Charlottenburg Zentrum;Otto-Suhr-Allee/Kantstrae;Richard-Wagner-Strae
4300622;Charlottenburg-Wilmersdorf;Charlottenburg Zentrum;Otto-Suhr-Allee/Kantstrae;Ernst-Reuter-Platz
4300623;Charlottenburg-Wilmersdorf;Charlottenburg Zentrum;Otto-Suhr-Allee/Kantstrae;Karl-August-Platz
4300624;Charlottenburg-Wilmersdorf;Charlottenburg Zentrum;Otto-Suhr-Allee/Kantstrae;Savignyplatz
4400725;Charlottenburg-Wilmersdorf;Wilmersdorf Sd;Grunewald;Gterbahnhof Grunewald
4400726;Charlottenburg-Wilmersdorf;Wilmersdorf Sd;Grunewald;Bismarckallee
4400727;Charlottenburg-Wilmersdorf;Wilmersdorf Sd;Grunewald;Flinsberger Platz
4400728;Charlottenburg-Wilmersdorf;Wilmersdorf Sd;Grunewald;Hagenplatz
4400729;Charlottenburg-Wilmersdorf;Wilmersdorf Sd;Grunewald;Hundekehle
4400830;Charlottenburg-Wilmersdorf;Wilmersdorf Sd;Schmargendorf;Forckenbeckstrae
4400831;Charlottenburg-Wilmersdorf;Wilmersdorf Sd;Schmargendorf;Messelpark
4400832;Charlottenburg-Wilmersdorf;Wilmersdorf Sd;Schmargendorf;Breite Strae
4400833;Charlottenburg-Wilmersdorf;Wilmersdorf Sd;Schmargendorf;Schlangenbader Strae
4400834;Charlottenburg-Wilmersdorf;Wilmersdorf Sd;Schmargendorf;Binger Strae
4400835;Charlottenburg-Wilmersdorf;Wilmersdorf Sd;Schmargendorf;Rdesheimer Platz
4500936;Charlottenburg-Wilmersdorf;Wilmersdorf Zentrum;Halensee;Droysenstrae
4500937;Charlottenburg-Wilmersdorf;Wilmersdorf Zentrum;Halensee;Halensee
4500938;Charlottenburg-Wilmersdorf;Wilmersdorf Zentrum;Halensee;Hochmeisterplatz
4500939;Charlottenburg-Wilmersdorf;Wilmersdorf Zentrum;Halensee;Eisenzahnstrae
4501040;Charlottenburg-Wilmersdorf;Wilmersdorf Zentrum;Lietzenburger Strae;Hindemithplatz
4501041;Charlottenburg-Wilmersdorf;Wilmersdorf Zentrum;Lietzenburger Strae;George-Grosz-Platz
4501042;Charlottenburg-Wilmersdorf;Wilmersdorf Zentrum;Lietzenburger Strae;Breitscheidplatz
4501043;Charlottenburg-Wilmersdorf;Wilmersdorf Zentrum;Lietzenburger Strae;Preuenpark
4501044;Charlottenburg-Wilmersdorf;Wilmersdorf Zentrum;Lietzenburger Strae;Ludwigkirchplatz
4501045;Charlottenburg-Wilmersdorf;Wilmersdorf Zentrum;Lietzenburger Strae;Schaperstrae
4501146;Charlottenburg-Wilmersdorf;Wilmersdorf Zentrum;Volkspark Wilmersdorf;Barstrae
4501147;Charlottenburg-Wilmersdorf;Wilmersdorf Zentrum;Volkspark Wilmersdorf;Leon-Jessel-Platz
4501148;Charlottenburg-Wilmersdorf;Wilmersdorf Zentrum;Volkspark Wilmersdorf;Brabanter Platz
4501149;Charlottenburg-Wilmersdorf;Wilmersdorf Zentrum;Volkspark Wilmersdorf;Nikolsburger Platz
4501150;Charlottenburg-Wilmersdorf;Wilmersdorf Zentrum;Volkspark Wilmersdorf;Wilhelmsaue
4501151;Charlottenburg-Wilmersdorf;Wilmersdorf Zentrum;Volkspark Wilmersdorf;Hildegardstrae
4501152;Charlottenburg-Wilmersdorf;Wilmersdorf Zentrum;Volkspark Wilmersdorf;Prager Platz
4501153;Charlottenburg-Wilmersdorf;Wilmersdorf Zentrum;Volkspark Wilmersdorf;Babelsberger Strae
5100101;Spandau;Spandau Mitte / Nord;Hakenfelde;Hakenfelde Nord
5100102;Spandau;Spandau Mitte / Nord;Hakenfelde;Am Forstacker
5100103;Spandau;Spandau Mitte / Nord;Hakenfelde;Mertensstrae
5100104;Spandau;Spandau Mitte / Nord;Hakenfelde;Maselake
5100105;Spandau;Spandau Mitte / Nord;Hakenfelde;Amorbacher Weg
5100206;Spandau;Spandau Mitte / Nord;Falkenhagener Feld;Griesingerstrae
5100207;Spandau;Spandau Mitte / Nord;Falkenhagener Feld;An der Trnke
5100208;Spandau;Spandau Mitte / Nord;Falkenhagener Feld;Im Spektefeld
5100209;Spandau;Spandau Mitte / Nord;Falkenhagener Feld;Westerwaldstrae
5100210;Spandau;Spandau Mitte / Nord;Falkenhagener Feld;Germersheimer Platz
5100211;Spandau;Spandau Mitte / Nord;Falkenhagener Feld;An der Kappe
5100312;Spandau;Spandau Mitte / Nord;Spandau Mitte;Eckschanze
5100313;Spandau;Spandau Mitte / Nord;Spandau Mitte;Eiswerder
5100314;Spandau;Spandau Mitte / Nord;Spandau Mitte;Kurstrae
5100315;Spandau;Spandau Mitte / Nord;Spandau Mitte;Ackerstrae
5100316;Spandau;Spandau Mitte / Nord;Spandau Mitte;Carl-Schurz-Strae
5100317;Spandau;Spandau Mitte / Nord;Spandau Mitte;Freiheit
5200418;Spandau;Wilhelmstadt / Staaken;Brunsbtteler Damm;Isenburger Weg
5200419;Spandau;Wilhelmstadt / Staaken;Brunsbtteler Damm;Am Heideberg
5200420;Spandau;Wilhelmstadt / Staaken;Brunsbtteler Damm;Staakener Strae
5200421;Spandau;Wilhelmstadt / Staaken;Brunsbtteler Damm;Spandauer Strae
5200422;Spandau;Wilhelmstadt / Staaken;Brunsbtteler Damm;Werkstrae
5200423;Spandau;Wilhelmstadt / Staaken;Brunsbtteler Damm;Magistratsweg
5200524;Spandau;Wilhelmstadt / Staaken;Heerstrae;Dberitzer Weg
5200525;Spandau;Wilhelmstadt / Staaken;Heerstrae;Pillnitzer Weg
5200526;Spandau;Wilhelmstadt / Staaken;Heerstrae;Rudolf-Wissell-Grosiedlung
5200527;Spandau;Wilhelmstadt / Staaken;Heerstrae;Maulbeerallee
5200528;Spandau;Wilhelmstadt / Staaken;Heerstrae;Weinmeisterhornweg
5200629;Spandau;Wilhelmstadt / Staaken;Wilhelmstadt;Borkumer Strae
5200630;Spandau;Wilhelmstadt / Staaken;Wilhelmstadt;Wilhelmstadt West
5200631;Spandau;Wilhelmstadt / Staaken;Wilhelmstadt;Wilhelmstadt Ost
5200632;Spandau;Wilhelmstadt / Staaken;Wilhelmstadt;Tiefwerder
5200633;Spandau;Wilhelmstadt / Staaken;Wilhelmstadt;Graetschelsteig
5200634;Spandau;Wilhelmstadt / Staaken;Wilhelmstadt;Brnicker Strae
5300735;Spandau;Haselhorst / Siemensstadt;Haselhorst;Haveleck
5300736;Spandau;Haselhorst / Siemensstadt;Haselhorst;Zitadellenweg
5300737;Spandau;Haselhorst / Siemensstadt;Haselhorst;Gartenfelder Strae
5300839;Spandau;Haselhorst / Siemensstadt;Siemensstadt;Rohrdamm
5300840;Spandau;Haselhorst / Siemensstadt;Siemensstadt;Nonnendammallee
5300841;Spandau;Haselhorst / Siemensstadt;Siemensstadt;Siemensdamm
5400942;Spandau;Gatow / Kladow;Gatow/Kladow;Alt-Gatow
5400943;Spandau;Gatow / Kladow;Gatow/Kladow;Jgerallee
5400944;Spandau;Gatow / Kladow;Gatow/Kladow;Kladower Damm
5400945;Spandau;Gatow / Kladow;Gatow/Kladow;Kafkastrae
6100101;Steglitz-Zehlendorf;Steglitz;Schlostrae;Fichtenberg
6100102;Steglitz-Zehlendorf;Steglitz;Schlostrae;Schlostrae
6100103;Steglitz-Zehlendorf;Steglitz;Schlostrae;Markelstrae
6100204;Steglitz-Zehlendorf;Steglitz;Albrechtstrae;Munsterdamm
6100205;Steglitz-Zehlendorf;Steglitz;Albrechtstrae;Sdende
6100206;Steglitz-Zehlendorf;Steglitz;Albrechtstrae;Stadtpark
6100207;Steglitz-Zehlendorf;Steglitz;Albrechtstrae;Mittelstrae
6100208;Steglitz-Zehlendorf;Steglitz;Albrechtstrae;Bergstrae
6100209;Steglitz-Zehlendorf;Steglitz;Albrechtstrae;Feuerbachstrae
6100210;Steglitz-Zehlendorf;Steglitz;Albrechtstrae;Bismarckstrae
6200311;Steglitz-Zehlendorf;Lankwitz/Lichterfelde Ost;Lankwitz;Alt-Lankwitz
6200312;Steglitz-Zehlendorf;Lankwitz/Lichterfelde Ost;Lankwitz;Komponistenviertel Lankwitz
6200313;Steglitz-Zehlendorf;Lankwitz/Lichterfelde Ost;Lankwitz;Lankwitz Kirche
6200314;Steglitz-Zehlendorf;Lankwitz/Lichterfelde Ost;Lankwitz;Kaiser-Wilhelm-Strae
6200315;Steglitz-Zehlendorf;Lankwitz/Lichterfelde Ost;Lankwitz;Gallwitzallee
6200316;Steglitz-Zehlendorf;Lankwitz/Lichterfelde Ost;Lankwitz;Belstrae
6200317;Steglitz-Zehlendorf;Lankwitz/Lichterfelde Ost;Lankwitz;Lankwitz Sd
6200418;Steglitz-Zehlendorf;Lankwitz/Lichterfelde Ost;Ostpreuendamm;Landweg
6200419;Steglitz-Zehlendorf;Lankwitz/Lichterfelde Ost;Ostpreuendamm;Thermometersiedlung
6200420;Steglitz-Zehlendorf;Lankwitz/Lichterfelde Ost;Ostpreuendamm;Lichterfelde Sd
6200421;Steglitz-Zehlendorf;Lankwitz/Lichterfelde Ost;Ostpreuendamm;Knigsberger Strae
6200422;Steglitz-Zehlendorf;Lankwitz/Lichterfelde Ost;Ostpreuendamm;Oberhofer Platz
6200423;Steglitz-Zehlendorf;Lankwitz/Lichterfelde Ost;Ostpreuendamm;Schtte-Lanz-Strae
6300524;Steglitz-Zehlendorf;Zehlendorf Sd/Lichterfelde West;Teltower Damm;Berlepschstrae
6300525;Steglitz-Zehlendorf;Zehlendorf Sd/Lichterfelde West;Teltower Damm;Zehlendorf Sd
6300526;Steglitz-Zehlendorf;Zehlendorf Sd/Lichterfelde West;Teltower Damm;Zehlendorf Mitte
6300527;Steglitz-Zehlendorf;Zehlendorf Sd/Lichterfelde West;Teltower Damm;Sundgauer Strae
6300528;Steglitz-Zehlendorf;Zehlendorf Sd/Lichterfelde West;Teltower Damm;Teltower Damm
6300629;Steglitz-Zehlendorf;Zehlendorf Sd/Lichterfelde West;Drakestrae;Botanischer Garten
6300630;Steglitz-Zehlendorf;Zehlendorf Sd/Lichterfelde West;Drakestrae;Hindenburgdamm
6300631;Steglitz-Zehlendorf;Zehlendorf Sd/Lichterfelde West;Drakestrae;Goerzwerke
6300632;Steglitz-Zehlendorf;Zehlendorf Sd/Lichterfelde West;Drakestrae;Schweizer Viertel
6300633;Steglitz-Zehlendorf;Zehlendorf Sd/Lichterfelde West;Drakestrae;Augustaplatz
6300634;Steglitz-Zehlendorf;Zehlendorf Sd/Lichterfelde West;Drakestrae;Lichterfelde West
6400735;Steglitz-Zehlendorf;Zehlendorf Nord/Wannsee;Zehlendorf Sdwest;Wannsee
6400736;Steglitz-Zehlendorf;Zehlendorf Nord/Wannsee;Zehlendorf Sdwest;Dppel
6400737;Steglitz-Zehlendorf;Zehlendorf Nord/Wannsee;Zehlendorf Sdwest;Nikolassee
6400838;Steglitz-Zehlendorf;Zehlendorf Nord/Wannsee;Zehlendorf Nord;Krumme Lanke
6400839;Steglitz-Zehlendorf;Zehlendorf Nord/Wannsee;Zehlendorf Nord;Fischerhttenstrae
6400840;Steglitz-Zehlendorf;Zehlendorf Nord/Wannsee;Zehlendorf Nord;Fischtal
6400841;Steglitz-Zehlendorf;Zehlendorf Nord/Wannsee;Zehlendorf Nord;Zehlendorf Eiche
6400842;Steglitz-Zehlendorf;Zehlendorf Nord/Wannsee;Zehlendorf Nord;Httenweg
6400843;Steglitz-Zehlendorf;Zehlendorf Nord/Wannsee;Zehlendorf Nord;Thielallee
6400844;Steglitz-Zehlendorf;Zehlendorf Nord/Wannsee;Zehlendorf Nord;Dahlem
7100101;Tempelhof-Schneberg;Schneberg Nord;Schneberg Nordwest;Wittenbergplatz
7100102;Tempelhof-Schneberg;Schneberg Nord;Schneberg Nordwest;Kalckreuthstrae
7100103;Tempelhof-Schneberg;Schneberg Nord;Schneberg Nordwest;Frobenstrae
7100204;Tempelhof-Schneberg;Schneberg Nord;Schneberg Nordost;Barbarossaplatz
7100205;Tempelhof-Schneberg;Schneberg Nord;Schneberg Nordost;Alvenslebenstrae
7100206;Tempelhof-Schneberg;Schneberg Nord;Schneberg Nordost;Grogrschenstrae
7200307;Tempelhof-Schneberg;Schneberg Sd;Schneberg Sdwest;Bayerischer Platz
7200308;Tempelhof-Schneberg;Schneberg Sd;Schneberg Sdwest;Volkspark (Rudolph-Wilde-Park)
7200409;Tempelhof-Schneberg;Schneberg Sd;Schneberg Sdost;Belziger Strae
7200410;Tempelhof-Schneberg;Schneberg Sd;Schneberg Sdost;Feurigstrae
7200411;Tempelhof-Schneberg;Schneberg Sd;Schneberg Sdost;Julius-Leber-Brcke
7200412;Tempelhof-Schneberg;Schneberg Sd;Schneberg Sdost;Schneberger Linse
7200413;Tempelhof-Schneberg;Schneberg Sd;Schneberg Sdost;Cheruskerstrae
7200414;Tempelhof-Schneberg;Schneberg Sd;Schneberg Sdost;Hohenfriedbergstrae
7300515;Tempelhof-Schneberg;Friedenau;Friedenau West;Taunusstrae
7300516;Tempelhof-Schneberg;Friedenau;Friedenau West;Odenwaldstrae
7300517;Tempelhof-Schneberg;Friedenau;Friedenau West;Perelsplatz
7300618;Tempelhof-Schneberg;Friedenau;Friedenau Ost;Ceciliengrten
7300619;Tempelhof-Schneberg;Friedenau;Friedenau Ost;Grazer Platz
7400720;Tempelhof-Schneberg;Tempelhof;Tempelhof Nord;Gontermannstrae
7400721;Tempelhof-Schneberg;Tempelhof;Tempelhof Nord;Paradestrae
7400822;Tempelhof-Schneberg;Tempelhof;Tempelhof Sdwest;Lindenhofsiedlung
7400823;Tempelhof-Schneberg;Tempelhof;Tempelhof Sdwest;Wittekindstrae
7400824;Tempelhof-Schneberg;Tempelhof;Tempelhof Sdwest;Bosepark
7400825;Tempelhof-Schneberg;Tempelhof;Tempelhof Sdwest;Friedrich-Karl-Strae
7400826;Tempelhof-Schneberg;Tempelhof;Tempelhof Sdwest;Marienhhe
7400927;Tempelhof-Schneberg;Tempelhof;Tempelhof Sdost;Rathaus Tempelhof
7400928;Tempelhof-Schneberg;Tempelhof;Tempelhof Sdost;Germaniagarten
7501029;Tempelhof-Schneberg;Mariendorf;Mariendorf Nord;Ringstrae
7501030;Tempelhof-Schneberg;Mariendorf;Mariendorf Nord;Machonstrae
7501031;Tempelhof-Schneberg;Mariendorf;Mariendorf Nord;Eisenacher Strae
7501032;Tempelhof-Schneberg;Mariendorf;Mariendorf Nord;Imbrosweg
7501133;Tempelhof-Schneberg;Mariendorf;Mariendorf Sd;Fritz-Werner-Strae
7501134;Tempelhof-Schneberg;Mariendorf;Mariendorf Sd;Hundsteinweg
7501135;Tempelhof-Schneberg;Mariendorf;Mariendorf Sd;Birnhornweg
7601236;Tempelhof-Schneberg;Marienfelde / Lichtenrade;Marienfelde Nord;Marienfelder Allee Nordwest
7601237;Tempelhof-Schneberg;Marienfelde / Lichtenrade;Marienfelde Nord;Kirchstrae
7601238;Tempelhof-Schneberg;Marienfelde / Lichtenrade;Marienfelde Nord;Marienfelde Nordost
7601339;Tempelhof-Schneberg;Marienfelde / Lichtenrade;Marienfelde Sd;Tirschenreuther Ring West
7601340;Tempelhof-Schneberg;Marienfelde / Lichtenrade;Marienfelde Sd;Tirschenreuther Ring Ost
7601341;Tempelhof-Schneberg;Marienfelde / Lichtenrade;Marienfelde Sd;Diedersdorfer Weg 
7601442;Tempelhof-Schneberg;Marienfelde / Lichtenrade;Lichtenrade Nord;Kettinger Strae
7601443;Tempelhof-Schneberg;Marienfelde / Lichtenrade;Lichtenrade Nord;Tpchiner Weg
7601544;Tempelhof-Schneberg;Marienfelde / Lichtenrade;Lichtenrade Sd;John-Locke-Strae
7601545;Tempelhof-Schneberg;Marienfelde / Lichtenrade;Lichtenrade Sd;Nahariyastrae
7601546;Tempelhof-Schneberg;Marienfelde / Lichtenrade;Lichtenrade Sd;Franziusweg
7601547;Tempelhof-Schneberg;Marienfelde / Lichtenrade;Lichtenrade Sd;Horstwalder Strae
8100101;Neuklln;Neuklln;Schillerpromenade;Hasenheide
8100102;Neuklln;Neuklln;Schillerpromenade;Schillerpromenade Nord
8100103;Neuklln;Neuklln;Schillerpromenade;Schillerpromenade Sd
8100104;Neuklln;Neuklln;Schillerpromenade;Wartheplatz
8100105;Neuklln;Neuklln;Schillerpromenade;Silbersteinstrae
8100206;Neuklln;Neuklln;Neukllner Mitte/Zentrum;Flughafenstrae
8100207;Neuklln;Neuklln;Neukllner Mitte/Zentrum;Rollberg
8100208;Neuklln;Neuklln;Neukllner Mitte/Zentrum;Krnerpark
8100209;Neuklln;Neuklln;Neukllner Mitte/Zentrum;Glasower Strae
8100310;Neuklln;Neuklln;Reuterstrae;Maybachufer
8100311;Neuklln;Neuklln;Reuterstrae;Reuterplatz
8100312;Neuklln;Neuklln;Reuterstrae;Weichselplatz
8100313;Neuklln;Neuklln;Reuterstrae;Bouchstrae
8100314;Neuklln;Neuklln;Reuterstrae;Donaustrae
8100415;Neuklln;Neuklln;Rixdorf;Ganghoferstrae
8100416;Neuklln;Neuklln;Rixdorf;Alt-Rixdorf
8100417;Neuklln;Neuklln;Rixdorf;Braunschweiger Strae
8100418;Neuklln;Neuklln;Rixdorf;Hertzbergplatz
8100419;Neuklln;Neuklln;Rixdorf;Treptower Strae Nord
8100520;Neuklln;Neuklln;Kllnische Heide;Weie Siedlung
8100521;Neuklln;Neuklln;Kllnische Heide;Schulenburgpark
8200622;Neuklln;Britz/Buckow;Britz Nord;Jahnstrae
8200623;Neuklln;Britz/Buckow;Britz Nord;Park am Buschkrug 
8200624;Neuklln;Britz/Buckow;Britz Nord;Tempelhofer Weg
8200725;Neuklln;Britz/Buckow;Britz;Mohriner Allee Nord
8200726;Neuklln;Britz/Buckow;Britz;Hufeisensiedlung
8200727;Neuklln;Britz/Buckow;Britz;Parchimer Allee Sd
8200728;Neuklln;Britz/Buckow;Britz;Ortolanweg
8200729;Neuklln;Britz/Buckow;Britz;Britzer Garten
8200730;Neuklln;Britz/Buckow;Britz;Handwerker-Siedlung
8200831;Neuklln;Britz/Buckow;Buckow;Buckow West
8200832;Neuklln;Britz/Buckow;Buckow;Buckow Mitte
8200833;Neuklln;Britz/Buckow;Buckow;Buckow Ost
8300934;Neuklln;Gropiusstadt;Gropiusstadt West;Gropiusstadt Nord-West
8300935;Neuklln;Gropiusstadt;Gropiusstadt West;Gropiusstadt Sd-West
8301036;Neuklln;Gropiusstadt;Gropiusstadt Ost;Gropiusstadt Mitte
8301037;Neuklln;Gropiusstadt;Gropiusstadt Ost;Gropiusstadt Sd-Ost
8401138;Neuklln;Buckow Nord/Rudow;Buckow Nord;Goldhhnchenweg
8401139;Neuklln;Buckow Nord/Rudow;Buckow Nord;Vogelviertel Sd
8401140;Neuklln;Buckow Nord/Rudow;Buckow Nord;Vogelviertel Nord
8401241;Neuklln;Buckow Nord/Rudow;Rudow;Blumenviertel
8401242;Neuklln;Buckow Nord/Rudow;Rudow;Zittauer Strae
8401243;Neuklln;Buckow Nord/Rudow;Rudow;Alt-Rudow
8401244;Neuklln;Buckow Nord/Rudow;Rudow;Wamannsdorfer Chaussee
8401245;Neuklln;Buckow Nord/Rudow;Rudow;Frauenviertel
8401246;Neuklln;Buckow Nord/Rudow;Rudow;Waltersdorfer Chaussee Ost
9100101;Treptow-Kpenick;Treptow-Kpenick 1;Alt-Treptow;Alt-Treptow
9100202;Treptow-Kpenick;Treptow-Kpenick 1;Plnterwald;Plnterwald West
9100203;Treptow-Kpenick;Treptow-Kpenick 1;Plnterwald;Plnterwald West
9100304;Treptow-Kpenick;Treptow-Kpenick 1;Baumschulenweg;Baumschulenweg West
9100305;Treptow-Kpenick;Treptow-Kpenick 1;Baumschulenweg;Baumschulenweg Ost
9100306;Treptow-Kpenick;Treptow-Kpenick 1;Baumschulenweg;Spthsfelde
9100407;Treptow-Kpenick;Treptow-Kpenick 1;Johannisthal;Johannisthal West
9100408;Treptow-Kpenick;Treptow-Kpenick 1;Johannisthal;Johannisthal Ost
9100409;Treptow-Kpenick;Treptow-Kpenick 1;Johannisthal;Landschaftspark Adlershof
9200510;Treptow-Kpenick;Treptow-Kpenick 2;Oberschneweide;Helmholtz-Kiez 
9200511;Treptow-Kpenick;Treptow-Kpenick 2;Oberschneweide;Griechischer Park
9200512;Treptow-Kpenick;Treptow-Kpenick 2;Oberschneweide;Wuhlheide
9200613;Treptow-Kpenick;Treptow-Kpenick 2;Niederschneweide;Bahnhof Schneweide
9200614;Treptow-Kpenick;Treptow-Kpenick 2;Niederschneweide;Oberspree
9200715;Treptow-Kpenick;Treptow-Kpenick 2;Adlershof;Wista
9200716;Treptow-Kpenick;Treptow-Kpenick 2;Adlershof;Drpfeldstrae West
9200717;Treptow-Kpenick;Treptow-Kpenick 2;Adlershof;Drpfeldstrae Ost
9200818;Treptow-Kpenick;Treptow-Kpenick 2;Kllnische Vorstadt/Spindlersfeld;Spindlersfeld
9200819;Treptow-Kpenick;Treptow-Kpenick 2;Kllnische Vorstadt/Spindlersfeld;Kllnische Vorstadt
9300920;Treptow-Kpenick;Treptow-Kpenick 3;Altglienicke;Dorf Altglienicke
9300921;Treptow-Kpenick;Treptow-Kpenick 3;Altglienicke;Preuen Siedlung
9300922;Treptow-Kpenick;Treptow-Kpenick 3;Altglienicke;Kosmos Viertel
9300923;Treptow-Kpenick;Treptow-Kpenick 3;Altglienicke;Klner Viertel
9301024;Treptow-Kpenick;Treptow-Kpenick 3;Bohnsdorf;Falkenberg
9301025;Treptow-Kpenick;Treptow-Kpenick 3;Bohnsdorf;Alt-Bohnsdorf
9301126;Treptow-Kpenick;Treptow-Kpenick 3;Grnau;Grnau
9301227;Treptow-Kpenick;Treptow-Kpenick 3;Schmckwitz;Karolinenhof
9301228;Treptow-Kpenick;Treptow-Kpenick 3;Schmckwitz;Schmckwitz/Rauchfangswerder
9401329;Treptow-Kpenick;Treptow-Kpenick 4;Kpenick Sd;Kietzer Feld/Nachtheide
9401330;Treptow-Kpenick;Treptow-Kpenick 4;Kpenick Sd;Wendenschlo
9401431;Treptow-Kpenick;Treptow-Kpenick 4;Allende-Viertel;Allende I
9401432;Treptow-Kpenick;Treptow-Kpenick 4;Allende-Viertel;Siedlung Kmmereiheide
9401433;Treptow-Kpenick;Treptow-Kpenick 4;Allende-Viertel;Allende II 
9401534;Treptow-Kpenick;Treptow-Kpenick 4;Altstadt Kpenick ;Altstadt Kpenick
9401635;Treptow-Kpenick;Treptow-Kpenick 4;Mggelheim;Mggelheim
9501736;Treptow-Kpenick;Treptow-Kpenick 5;Friedrichshagen;Hirschgarten
9501737;Treptow-Kpenick;Treptow-Kpenick 5;Friedrichshagen;Alt-Friedrichshagen
9501838;Treptow-Kpenick;Treptow-Kpenick 5;Rahnsdorf;Rahnsdorf
9501939;Treptow-Kpenick;Treptow-Kpenick 5;Dammvorstadt;Bahnhofstrae
9501940;Treptow-Kpenick;Treptow-Kpenick 5;Dammvorstadt;Gterbahnhof Kpenick
9501941;Treptow-Kpenick;Treptow-Kpenick 5;Dammvorstadt;Friedrichshagener Strae
9502042;Treptow-Kpenick;Treptow-Kpenick 5;Kpenick Nord;Mittelheide
9502043;Treptow-Kpenick;Treptow-Kpenick 5;Kpenick Nord;Dammheide
10100101;Marzahn-Hellersdorf;Marzahn;Marzahn Nord;Marzahn West
10100102;Marzahn-Hellersdorf;Marzahn;Marzahn Nord;Rosenbecker Strae
10100103;Marzahn-Hellersdorf;Marzahn;Marzahn Nord;Wittenberger Strae
10100104;Marzahn-Hellersdorf;Marzahn;Marzahn Nord;Golliner Strae
10100205;Marzahn-Hellersdorf;Marzahn;Marzahn Mitte;Gewerbegebiet Bitterfelder Strae
10100206;Marzahn-Hellersdorf;Marzahn;Marzahn Mitte;Wuhletalstrae
10100207;Marzahn-Hellersdorf;Marzahn;Marzahn Mitte;Ahrensfelder Berge
10100208;Marzahn-Hellersdorf;Marzahn;Marzahn Mitte;Brgerpark
10100209;Marzahn-Hellersdorf;Marzahn;Marzahn Mitte;Lea-Grundig-Strae
10100210;Marzahn-Hellersdorf;Marzahn;Marzahn Mitte;Marzahner Promenade
10100311;Marzahn-Hellersdorf;Marzahn;Marzahn Sd;Marzahner Chaussee
10100312;Marzahn-Hellersdorf;Marzahn;Marzahn Sd;Springpfuhl
10100313;Marzahn-Hellersdorf;Marzahn;Marzahn Sd;Alt-Marzahn
10100314;Marzahn-Hellersdorf;Marzahn;Marzahn Sd;Auersbergstrae
10100315;Marzahn-Hellersdorf;Marzahn;Marzahn Sd;Brenstein
10100316;Marzahn-Hellersdorf;Marzahn;Marzahn Sd;Landsberger Tor
10200417;Marzahn-Hellersdorf;Hellersdorf;Hellersdorf Nord;Zossener Strae
10200418;Marzahn-Hellersdorf;Hellersdorf;Hellersdorf Nord;Kyritzer Strae
10200419;Marzahn-Hellersdorf;Hellersdorf;Hellersdorf Nord;Havellnder Ring
10200420;Marzahn-Hellersdorf;Hellersdorf;Hellersdorf Nord;Gut Hellersdorf
10200421;Marzahn-Hellersdorf;Hellersdorf;Hellersdorf Nord;Helle Mitte
10200422;Marzahn-Hellersdorf;Hellersdorf;Hellersdorf Nord;Hellersdorfer Promenade
10200423;Marzahn-Hellersdorf;Hellersdorf;Hellersdorf Nord;Bhlener Strae
10200524;Marzahn-Hellersdorf;Hellersdorf;Hellersdorf Ost;Adele-Sandrock-Strae
10200525;Marzahn-Hellersdorf;Hellersdorf;Hellersdorf Ost;Schleipfuhl
10200526;Marzahn-Hellersdorf;Hellersdorf;Hellersdorf Ost;Boulevard Kastanienallee
10200627;Marzahn-Hellersdorf;Hellersdorf;Hellersdorf Sd;Am Kienberg
10200628;Marzahn-Hellersdorf;Hellersdorf;Hellersdorf Sd;Neue Grottkauer Strae
10200629;Marzahn-Hellersdorf;Hellersdorf;Hellersdorf Sd;Teterower Ring
10200630;Marzahn-Hellersdorf;Hellersdorf;Hellersdorf Sd;Cecilienplatz
10300731;Marzahn-Hellersdorf;Biesdorf;Biesdorf;Oberfeldstrae
10300732;Marzahn-Hellersdorf;Biesdorf;Biesdorf;Buckower Ring
10300733;Marzahn-Hellersdorf;Biesdorf;Biesdorf;Alt-Biesdorf
10300734;Marzahn-Hellersdorf;Biesdorf;Biesdorf;Biesdorf Sd
10400835;Marzahn-Hellersdorf;Kaulsdorf/Mahlsdorf;Kaulsdorf;Kaulsdorf Nord
10400836;Marzahn-Hellersdorf;Kaulsdorf/Mahlsdorf;Kaulsdorf;Alt-Kaulsdorf
10400837;Marzahn-Hellersdorf;Kaulsdorf/Mahlsdorf;Kaulsdorf;Kaulsdorf Sd
10400938;Marzahn-Hellersdorf;Kaulsdorf/Mahlsdorf;Mahlsdorf;Mahlsdorf Nord
10400939;Marzahn-Hellersdorf;Kaulsdorf/Mahlsdorf;Mahlsdorf;Alt-Mahlsdorf
10400940;Marzahn-Hellersdorf;Kaulsdorf/Mahlsdorf;Mahlsdorf;Elsensee
10400941;Marzahn-Hellersdorf;Kaulsdorf/Mahlsdorf;Mahlsdorf;Pilgramer Strae
11100101;Lichtenberg;Hohenschnhausen Nord;Drfer Malchow-Wartenberg;Drfer Malchow-Wartenberg
11100102;Lichtenberg;Hohenschnhausen Nord;Drfer Malchow-Wartenberg;Dorf Falkenberg
11100203;Lichtenberg;Hohenschnhausen Nord;Neu-Hohenschnhausen Nord;Falkenberg Ost
11100204;Lichtenberg;Hohenschnhausen Nord;Neu-Hohenschnhausen Nord;Falkenberg West
11100205;Lichtenberg;Hohenschnhausen Nord;Neu-Hohenschnhausen Nord;Wartenberg Sd
11100206;Lichtenberg;Hohenschnhausen Nord;Neu-Hohenschnhausen Nord;Wartenberg Nord
11100307;Lichtenberg;Hohenschnhausen Nord;Neu-Hohenschnhausen Sd;Zingster Strae Ost
11100308;Lichtenberg;Hohenschnhausen Nord;Neu-Hohenschnhausen Sd;Zingster Strae West
11100309;Lichtenberg;Hohenschnhausen Nord;Neu-Hohenschnhausen Sd;Mhlengrund
11200410;Lichtenberg;Hohenschnhausen Sd;Alt-Hohenschnhausen Nord;Malchower Weg
11200411;Lichtenberg;Hohenschnhausen Sd;Alt-Hohenschnhausen Nord;Hauptstrae
11200512;Lichtenberg;Hohenschnhausen Sd;Alt-Hohenschnhausen Sd;Orankesee
11200513;Lichtenberg;Hohenschnhausen Sd;Alt-Hohenschnhausen Sd;Groe-Leege-Strae
11200514;Lichtenberg;Hohenschnhausen Sd;Alt-Hohenschnhausen Sd;Landsberger Allee
11200515;Lichtenberg;Hohenschnhausen Sd;Alt-Hohenschnhausen Sd;Weie Taube
11300616;Lichtenberg;Lichtenberg Nord;Fennpfuhl;Hohenschnhausener Strae
11300617;Lichtenberg;Lichtenberg Nord;Fennpfuhl;Fennpfuhlpark
11300618;Lichtenberg;Lichtenberg Nord;Fennpfuhl;Storkower Bogen
11300619;Lichtenberg;Lichtenberg Nord;Fennpfuhl;Rudolf-Seiffert-Park
11300620;Lichtenberg;Lichtenberg Nord;Fennpfuhl;Fennpfuhl Ost
11300721;Lichtenberg;Lichtenberg Nord;Alt-Lichtenberg;Herzbergstrae
11300722;Lichtenberg;Lichtenberg Nord;Alt-Lichtenberg;Rathaus Lichtenberg
11300723;Lichtenberg;Lichtenberg Nord;Alt-Lichtenberg;Bornitzstrae
11300724;Lichtenberg;Lichtenberg Nord;Alt-Lichtenberg;Roedeliusplatz
11300725;Lichtenberg;Lichtenberg Nord;Alt-Lichtenberg;Nibelungenviertel
11300826;Lichtenberg;Lichtenberg Nord;Frankfurter Allee Sd;Frankfurter Allee Sd
11400927;Lichtenberg;Lichtenberg Mitte;Neu-Lichtenberg;Victoriastadt
11400928;Lichtenberg;Lichtenberg Mitte;Neu-Lichtenberg;Nldnerplatz
11400929;Lichtenberg;Lichtenberg Mitte;Neu-Lichtenberg;Weitlingkiez
11400930;Lichtenberg;Lichtenberg Mitte;Neu-Lichtenberg;Zachertstrae
11400931;Lichtenberg;Lichtenberg Mitte;Neu-Lichtenberg;Massower Strae
11401032;Lichtenberg;Lichtenberg Mitte;Friedrichsfelde Nord;Rosenfelder Ring
11401033;Lichtenberg;Lichtenberg Mitte;Friedrichsfelde Nord;Gensinger Strae
11401034;Lichtenberg;Lichtenberg Mitte;Friedrichsfelde Nord;Tierpark
11401135;Lichtenberg;Lichtenberg Mitte;Friedrichsfelde Sd;Dolgenseestrae
11401136;Lichtenberg;Lichtenberg Mitte;Friedrichsfelde Sd;Volkradstrae
11401137;Lichtenberg;Lichtenberg Mitte;Friedrichsfelde Sd;Erieseering
11501238;Lichtenberg;Lichtenberg Sd;Rummelsburger Bucht;Rummelsburg
11501339;Lichtenberg;Lichtenberg Sd;Karlshorst;Karlshorst West
11501340;Lichtenberg;Lichtenberg Sd;Karlshorst;Karlshorst Nord
11501341;Lichtenberg;Lichtenberg Sd;Karlshorst;Karlshorst Sd
12100101;Reinickendorf;Reinickendorf Ost;Ost 1 - Reginhardstrae;Letteplatz
12100102;Reinickendorf;Reinickendorf Ost;Ost 1 - Reginhardstrae;Hausotterplatz
12100103;Reinickendorf;Reinickendorf Ost;Ost 1 - Reginhardstrae;Breitkopfbecken
12100204;Reinickendorf;Reinickendorf Ost;Ost 2 - Alt-Reinickendorf;Schfersee
12100205;Reinickendorf;Reinickendorf Ost;Ost 2 - Alt-Reinickendorf;Teichstrae
12100206;Reinickendorf;Reinickendorf Ost;Ost 2 - Alt-Reinickendorf;Humboldtstrae
12200307;Reinickendorf;Tegel;West 4 - Auguste-Viktoria-Allee;Reinickes Hof
12200308;Reinickendorf;Tegel;West 4 - Auguste-Viktoria-Allee;Mellerbogen
12200309;Reinickendorf;Tegel;West 4 - Auguste-Viktoria-Allee;Scharnweberstrae
12200310;Reinickendorf;Tegel;West 4 - Auguste-Viktoria-Allee;Klixstrae
12200411;Reinickendorf;Tegel;West 1 - Tegel-Sd/Flughafensee;Schumacher-Quartier
12200412;Reinickendorf;Tegel;West 1 - Tegel-Sd/Flughafensee;Waldidyll/Flughafensee
12200413;Reinickendorf;Tegel;West 1 - Tegel-Sd/Flughafensee;Tegel Sd
12200414;Reinickendorf;Tegel;West 1 - Tegel-Sd/Flughafensee;TXL
12200515;Reinickendorf;Tegel;West 5 - Tegel;Alt-Tegel
12400616;Reinickendorf;Grner Norden;West 2 - Heiligensee/Konradshhe;Konradshhe/Tegelort
12400617;Reinickendorf;Grner Norden;West 2 - Heiligensee/Konradshhe;Alt-Heiligensee
12400618;Reinickendorf;Grner Norden;West 2 - Heiligensee/Konradshhe;Heiligensee Nord
12400619;Reinickendorf;Grner Norden;West 2 - Heiligensee/Konradshhe;Heiligensee
12400720;Reinickendorf;Grner Norden;Nord 1 - Frohnau/Hermsdorf;Frohnau West
12400721;Reinickendorf;Grner Norden;Nord 1 - Frohnau/Hermsdorf;Frohnau Ost
12400722;Reinickendorf;Grner Norden;Nord 1 - Frohnau/Hermsdorf;Hermsdorf West
12400723;Reinickendorf;Grner Norden;Nord 1 - Frohnau/Hermsdorf;Hermsdorf Ost/Waldsee
12500824;Reinickendorf;Wittenau/Borsigwalde;West 3 - Borsigwalde/Freie Scholle;Ziekowstrae/Freie Scholle
12500825;Reinickendorf;Wittenau/Borsigwalde;West 3 - Borsigwalde/Freie Scholle;Borsigwalde
12500926;Reinickendorf;Wittenau/Borsigwalde;Nord 2 - Waidmannslust/Wittenau/Lbars;Wittenau Sd
12500927;Reinickendorf;Wittenau/Borsigwalde;Nord 2 - Waidmannslust/Wittenau/Lbars;Wittenau Nord
12500928;Reinickendorf;Wittenau/Borsigwalde;Nord 2 - Waidmannslust/Wittenau/Lbars;Waidmannslust
12500929;Reinickendorf;Wittenau/Borsigwalde;Nord 2 - Waidmannslust/Wittenau/Lbars;Lbars
12500930;Reinickendorf;Wittenau/Borsigwalde;Nord 2 - Waidmannslust/Wittenau/Lbars;Wittenau Mitte
12601031;Reinickendorf;Mrkisches Viertel;Rollbergesiedlung;Lbarser Strae
12601032;Reinickendorf;Mrkisches Viertel;Rollbergesiedlung;Rollbergesiedlung
12601133;Reinickendorf;Mrkisches Viertel;MV Nord ;Treuenbrietzener Strae
12601134;Reinickendorf;Mrkisches Viertel;MV Nord ;Mrkisches Zentrum
12601235;Reinickendorf;Mrkisches Viertel;MV Sd;Dannenwalder Weg
12601236;Reinickendorf;Mrkisches Viertel;MV Sd;Schorfheidestrae
>>>>>>> bee4fbd2415aab14bd0e475af021088c3ca7d65e
